Timestamp,Frame,PalmRoot_X,PalmRoot_Y,PalmRoot_Z,PalmRoot_QX,PalmRoot_QY,PalmRoot_QZ,PalmRoot_QW,ThumbTip_X,ThumbTip_Y,ThumbTip_Z,ThumbTip_QX,ThumbTip_QY,ThumbTip_QZ,ThumbTip_QW,IndexTip_X,IndexTip_Y,IndexTip_Z,IndexTip_QX,IndexTip_QY,IndexTip_QZ,IndexTip_QW,MiddleTip_X,MiddleTip_Y,MiddleTip_Z,MiddleTip_QX,MiddleTip_QY,MiddleTip_QZ,MiddleTip_QW
1756950833047,0,0,-0,0,-0.0106524,-0.067842,0.00598806,0.997621,0.0515653,0.0999761,-0.0174535,-0.494084,-0.467988,0.586233,0.43954,0.156864,-0.00751045,0.0321148,-0.347561,-0.0778961,-0.128856,0.925489,0.158048,-0.0494933,0.0364546,-0.0163692,-0.0435751,-0.245179,0.96836
1756950833081,1,0,-0,0,-0.01116,-0.0676907,0.00529537,0.99763,0.0519072,0.100354,-0.0174258,-0.491671,-0.464378,0.585608,0.446844,0.156855,-0.00769148,0.0321339,-0.348209,-0.0799448,-0.128767,0.925082,0.157967,-0.0497168,0.0364819,-0.0198046,-0.0420894,-0.246419,0.968046
1756950833114,2,0,-0,0,-0.0112454,-0.0677903,0.00513479,0.997623,0.0515121,0.100283,-0.0171443,-0.493024,-0.468705,0.585005,0.441614,0.156841,-0.00770641,0.0322368,-0.34654,-0.0797191,-0.129315,0.925653,0.157979,-0.0497239,0.0364407,-0.0181268,-0.0393506,-0.246191,0.968253
1756950833147,3,0,-0,0,-0.0116228,-0.0676123,0.00452919,0.997634,0.0513223,0.0997679,-0.0172703,-0.494603,-0.471139,0.586016,0.435875,0.156841,-0.00786863,0.0322104,-0.346656,-0.0776734,-0.130485,0.925619,0.157897,-0.0499593,0.036412,-0.0232225,-0.0391512,-0.24768,0.967772
1756950833180,4,0,-0,0,-0.0125223,-0.0666647,0.00357232,0.997691,0.0514203,0.0997242,-0.0175282,-0.494393,-0.469339,0.586503,0.437444,0.156872,-0.00818609,0.0319348,-0.347923,-0.0763687,-0.131456,0.925119,0.157763,-0.0504097,0.0361899,-0.030631,-0.0403769,-0.250449,0.966804
1756950833213,5,0,-0,0,-0.0128905,-0.066323,0.0030326,0.99771,0.0517078,0.0998545,-0.0178083,-0.494673,-0.465841,0.586254,0.441149,0.156887,-0.0083561,0.0318029,-0.348341,-0.0756127,-0.13185,0.924965,0.157707,-0.0505933,0.0361526,-0.0312159,-0.040409,-0.251215,0.966584
1756950833247,6,0,-0,0,-0.0135886,-0.0654926,0.00215033,0.997758,0.0518845,0.0996416,-0.0180867,-0.495552,-0.464767,0.586656,0.440754,0.156915,-0.00864989,0.0315446,-0.350573,-0.0753307,-0.132245,0.924087,0.157671,-0.0508376,0.0359732,-0.0311074,-0.039044,-0.251998,0.96644
1756950833280,7,0,-0,0,-0.0142614,-0.0648248,0.00192519,0.997793,0.0519411,0.0996913,-0.0182642,-0.493881,-0.462769,0.587501,0.443564,0.156973,-0.00868217,0.0312531,-0.348528,-0.0721043,-0.132684,0.925052,0.157782,-0.0507076,0.0358445,-0.0236551,-0.0390232,-0.250219,0.967112
1756950833313,8,0,-0,0,-0.0144629,-0.0645066,0.00192357,0.997811,0.0516958,0.0991213,-0.0184643,-0.497117,-0.466094,0.588402,0.435223,0.156999,-0.00867186,0.0311261,-0.347564,-0.0726029,-0.132145,0.925455,0.157764,-0.0507822,0.0357267,-0.0291723,-0.0397312,-0.25122,0.966674
1756950833346,9,0,-0,0,-0.014398,-0.0637468,0.00206165,0.99786,0.0517481,0.0992492,-0.0184827,-0.495993,-0.465149,0.588483,0.437372,0.157055,-0.00862042,0.0308692,-0.346363,-0.0728193,-0.131314,0.926004,0.157788,-0.0508221,0.0354828,-0.0331965,-0.0381683,-0.252022,0.966398
1756950833379,10,0,-0,0,-0.0139427,-0.0629197,0.00281774,0.997917,0.0515951,0.0992645,-0.0185258,-0.495631,-0.465573,0.588996,0.436659,0.157117,-0.008404,0.0306108,-0.346024,-0.0723279,-0.130391,0.926301,0.157917,-0.0506229,0.0351751,-0.0329867,-0.0371997,-0.251381,0.96661
1756950833413,11,0,-0,0,-0.0139329,-0.0626652,0.00295422,0.997933,0.0515843,0.0993109,-0.0186009,-0.495289,-0.464809,0.589214,0.437516,0.157127,-0.0083902,0.0305362,-0.347399,-0.0731235,-0.129974,0.925778,0.15797,-0.0505346,0.035113,-0.0276822,-0.0358581,-0.250526,0.967048
1756950833446,12,0,-0,0,-0.0136796,-0.0620271,0.00239177,0.997978,0.0517068,0.0992061,-0.018685,-0.496394,-0.464585,0.588901,0.436978,0.157158,-0.00856811,0.0303446,-0.347221,-0.0724055,-0.130228,0.92587,0.157955,-0.0507293,0.0349142,-0.0238819,-0.0362484,-0.250687,0.967095
1756950833479,13,0,-0,0,-0.0118717,-0.0617848,0.00461333,0.998008,0.0514863,0.100076,-0.0182285,-0.489396,-0.462152,0.589177,0.446951,0.157218,-0.00795002,0.0301826,-0.34695,-0.0713592,-0.128345,0.926315,0.158209,-0.0501152,0.0346397,-0.0220721,-0.0360344,-0.248483,0.967714
1756950833512,14,0,-0,0,-0.0104207,-0.0619624,0.00537907,0.99801,0.0512725,0.100165,-0.0179699,-0.489629,-0.464216,0.588713,0.445234,0.157237,-0.00775323,0.0301462,-0.344469,-0.0721427,-0.127118,0.927354,0.158302,-0.0499375,0.0344561,-0.0153017,-0.0338254,-0.247212,0.968252
1756950833545,15,0,-0,0,-0.00646119,-0.0618766,0.00752921,0.998034,0.0507429,0.100511,-0.0171556,-0.486768,-0.468459,0.58804,0.444757,0.157286,-0.00721741,0.0300302,-0.340674,-0.0703129,-0.125681,0.929086,0.158522,-0.0495055,0.0339768,-0.0177096,-0.0342948,-0.245963,0.96851
1756950833578,16,0,-0,0,-0.000601025,-0.0627962,0.011029,0.997965,0.0497074,0.100649,-0.0160535,-0.48516,-0.476916,0.587469,0.43826,0.157287,-0.00632754,0.0302472,-0.337799,-0.0719269,-0.122614,0.930423,0.158849,-0.0486507,0.0336993,-0.011915,-0.0338788,-0.242344,0.969526
1756950833611,17,0,-0,0,0.0104566,-0.0651098,0.0170722,0.997677,0.048759,0.101383,-0.0139954,-0.481507,-0.487249,0.584243,0.435175,0.157253,-0.0047805,0.0307729,-0.324149,-0.0749317,-0.117141,0.935728,0.159431,-0.0470931,0.0332556,0.000226395,-0.0316148,-0.235138,0.971447
1756950833645,18,0,-0,0,0.0185226,-0.0695226,0.0205109,0.997197,0.0487626,0.102002,-0.0134866,-0.481346,-0.486617,0.583682,0.436798,0.15701,-0.00406863,0.0320713,-0.317369,-0.0803309,-0.115281,0.937832,0.159544,-0.0463024,0.0338871,0.00922893,-0.0338564,-0.231029,0.972313
1756950833678,19,0,-0,0,0.0205223,-0.0726646,0.0220904,0.9969,0.0502078,0.101378,-0.0171989,-0.495371,-0.470132,0.591495,0.428573,0.156775,-0.00372636,0.0332171,-0.314388,-0.082969,-0.116373,0.938471,0.15956,-0.0457939,0.0345589,0.0122011,-0.0351924,-0.228596,0.972807
1756950833711,20,0,-0,0,0.0222211,-0.0748927,0.0230171,0.996678,0.0518677,0.0997254,-0.0214611,-0.513597,-0.452978,0.599934,0.413732,0.15661,-0.0035236,0.0340245,-0.313373,-0.0853115,-0.11684,0.93855,0.159555,-0.0454857,0.035087,0.0190882,-0.0367422,-0.226398,0.973156
1756950833744,21,0,-0,0,0.024976,-0.0779471,0.0249659,0.996332,0.0542726,0.0982054,-0.0267366,-0.526947,-0.422738,0.611009,0.412655,0.156443,-0.00284767,0.0350264,-0.30697,-0.0877046,-0.115252,0.940635,0.159701,-0.0447686,0.0354328,0.0303881,-0.0370681,-0.221828,0.973907
1756950833777,22,0,-0,0,0.0231606,-0.0760932,0.025572,0.996504,0.0569194,0.0935536,-0.0359973,-0.552245,-0.378107,0.630938,0.392455,0.156583,-0.0017681,0.0351924,-0.300801,-0.0918203,-0.110425,0.942815,0.160246,-0.0437448,0.0348679,0.0352247,-0.0344307,-0.215312,0.975303
1756950833811,23,0,-0,0,0.0222069,-0.0753177,0.0269828,0.996547,0.0581812,0.0895508,-0.0411868,-0.575938,-0.359415,0.641971,0.356325,0.156653,-0.000474312,0.0355778,-0.297739,-0.0952042,-0.105096,0.944055,0.160795,-0.0423647,0.034886,0.0387436,-0.0368763,-0.207242,0.976826
1756950833844,24,0,-0,0,0.0279431,-0.0787091,0.0253623,0.996183,0.0614958,0.0808407,-0.0478698,-0.625325,-0.329003,0.652456,0.273942,0.156585,0.000596901,0.0372046,-0.288275,-0.0958533,-0.0976971,0.947717,0.161554,-0.0406343,0.0355851,0.0396213,-0.0321749,-0.190902,0.980282
1756950833877,25,0,-0,0,0.0341518,-0.0848903,0.0268607,0.995442,0.0624297,0.0726189,-0.0508945,-0.657971,-0.307791,0.661985,0.184584,0.156343,0.00294396,0.0393721,-0.278823,-0.0984891,-0.0840877,0.951568,0.162386,-0.0378161,0.0365056,0.0444453,-0.0270685,-0.170501,0.983982
1756950833910,26,0,-0,0,0.035614,-0.0889457,0.0260691,0.995058,0.0622074,0.0668808,-0.0510715,0.669815,0.295439,-0.669694,-0.124739,0.156264,0.00406843,0.0402703,-0.27584,-0.0993707,-0.0742608,0.953164,0.162681,-0.0366593,0.0369521,0.0447952,-0.0245386,-0.160785,0.985667
1756950833943,27,0,-0,0,0.0315535,-0.100768,0.0243459,0.994112,0.0612143,0.0586916,-0.0488158,-0.672855,-0.27478,0.684588,0.0558931,0.155654,0.00537426,0.0430268,-0.276908,-0.103399,-0.0642902,0.953153,0.162208,-0.0357419,0.0401148,0.0408981,-0.0312455,-0.153029,0.986881
1756950833977,28,0,-0,0,0.0268142,-0.112645,0.0198666,0.993075,0.0596791,0.0481218,-0.0448357,-0.659271,-0.232208,0.715151,0.0013871,0.155301,0.00664681,0.0445847,-0.281489,-0.0953257,-0.0495246,0.953533,0.162016,-0.0346207,0.0416366,0.0356454,-0.0237341,-0.14105,0.989076
1756950834010,29,0,-0,0,0.0210676,-0.136766,0.0103798,0.990325,0.0593232,0.0401604,-0.0394893,-0.652483,-0.191484,0.732889,-0.0219796,0.153462,0.00485039,0.0507747,-0.28489,-0.105007,-0.0555328,0.951172,0.160052,-0.0360214,0.0466313,0.0341895,-0.0228454,-0.139515,0.989366
1756950834043,30,0,-0,0,0.0168983,-0.157671,0.00289408,0.987343,0.058412,0.0359895,-0.0337306,-0.0164086,0.744535,0.173435,0.644434,0.152528,0.00425238,0.0527383,-0.29359,-0.0833218,-0.0487017,0.951046,0.158644,-0.0360758,0.0495063,0.0326109,-0.0149865,-0.13156,0.990658
1756950834076,31,0,-0,0,0.00647945,-0.185284,-0.00341882,0.982658,0.0589442,0.0332652,-0.0274794,-0.0101373,0.742853,0.162751,0.649313,0.150405,0.00381616,0.057404,-0.308489,-0.0792239,-0.0479312,0.946712,0.15602,-0.0364011,0.0549105,0.0237381,-0.0120241,-0.130394,0.991105
1756950834109,32,0,-0,0,0.000670714,-0.198983,-0.00504743,0.97999,0.0591347,0.0316884,-0.0215537,-0.00573241,0.748884,0.161275,0.642764,0.149358,0.00368024,0.0590854,-0.31284,-0.0739563,-0.0471205,0.94575,0.154908,-0.0360573,0.0557706,0.0178733,-0.00382998,-0.129109,0.991462
1756950834142,33,0,-0,0,-0.0164382,-0.218441,-0.00917403,0.975668,0.059905,0.0308963,-0.0176706,-0.000340439,0.739421,0.162828,0.653245,0.147569,0.00310362,0.0622322,-0.331749,-0.0688691,-0.0554243,0.939215,0.152688,-0.0356756,0.0595315,0.00631304,0.000710312,-0.13033,0.99145
1756950834175,34,0,-0,0,-0.0324733,-0.227908,-0.011497,0.973074,0.0605455,0.0303461,-0.0156988,0.00309343,0.732862,0.162469,0.660697,0.146901,0.00282842,0.0624368,-0.347517,-0.0531046,-0.0608957,0.934187,0.151434,-0.0351847,0.0615291,-0.00749238,0.0030948,-0.133298,0.991043
1756950834209,35,0,-0,0,-0.0468371,-0.237177,-0.0114002,0.97027,0.0618491,0.0303558,-0.0136885,0.0014224,0.723731,0.163416,0.670456,0.146167,0.00377015,0.0627519,-0.362587,-0.0407237,-0.0605331,0.92909,0.150344,-0.0339637,0.0634438,-0.0191506,0.00693557,-0.13373,0.990808
1756950834242,36,0,-0,0,-0.0539658,-0.242812,-0.0116117,0.9685,0.0619897,0.0303386,-0.0129811,-0.00059621,0.720178,0.163655,0.67418,0.145816,0.00383589,0.0620472,-0.369623,-0.0226836,-0.061179,0.926884,0.149841,-0.0329295,0.0639438,-0.0259297,0.00982606,-0.130773,0.991024
1756950834275,37,0,-0,0,-0.0593259,-0.250006,-0.0116221,0.966354,0.0621341,0.0302405,-0.011964,-0.0022555,0.717425,0.163296,0.677207,0.145053,0.00378212,0.0629231,-0.373145,-0.0170725,-0.0648934,0.925341,0.148888,-0.0326177,0.0655626,-0.0287492,0.010822,-0.13236,0.990725
1756950834308,38,0,-0,0,-0.0602965,-0.252078,-0.0116853,0.965757,0.0623805,0.0302888,-0.0111358,-0.00139708,0.715858,0.165382,0.678392,0.14485,0.00346096,0.0629215,-0.376999,-0.0123659,-0.0674867,0.923671,0.148619,-0.0326253,0.0658278,-0.0293195,0.0114511,-0.133022,0.990613
1756950834341,39,0,-0,0,-0.0614368,-0.252701,-0.0120904,0.965514,0.0632471,0.0306492,-0.0102899,0.00195273,0.710963,0.170637,0.682165,0.144936,0.00313889,0.0616416,-0.381583,-0.000987732,-0.065995,0.921969,0.148485,-0.0329743,0.0653237,-0.0281665,0.0200186,-0.135448,0.990181
1756950834375,40,0,-0,0,-0.0606412,-0.255096,-0.0122892,0.964933,0.0644372,0.0314468,-0.0092421,0.00824411,0.700955,0.180351,0.68995,0.144734,0.00287806,0.0612707,-0.381238,0.0059686,-0.065153,0.922155,0.148255,-0.0328956,0.0654912,-0.0276835,0.0202111,-0.134311,0.990346
1756950834408,41,0,-0,0,-0.0613523,-0.254626,-0.0127584,0.965006,0.0654794,0.031576,-0.00909344,0.0162425,0.694122,0.182279,0.69618,0.144829,0.00228491,0.0603973,-0.382733,0.0140748,-0.0670532,0.921311,0.148342,-0.0328884,0.0649918,-0.0273863,0.0248051,-0.133934,0.990301
1756950834441,42,0,-0,0,-0.0601856,-0.253538,-0.0145058,0.965342,0.0683896,0.0321585,-0.00813004,0.0306995,0.668292,0.187379,0.719248,0.144926,0.00100983,0.0598331,-0.384067,0.0183514,-0.0715874,0.920341,0.148375,-0.033517,0.0646438,-0.0258249,0.0256881,-0.135242,0.990143
1756950834474,43,0,-0,0,-0.0593589,-0.257406,-0.0156523,0.964348,0.0693565,0.0322678,-0.00734806,0.0376804,0.654404,0.189014,0.731122,0.144425,0.000292763,0.0606837,-0.38148,0.0205659,-0.0764959,0.920969,0.147753,-0.033978,0.0658652,-0.0235287,0.0222937,-0.136898,0.990054
1756950834507,44,0,-0,0,-0.0611523,-0.263301,-0.0176271,0.962613,0.0710596,0.0321019,-0.00646003,0.0531818,0.630497,0.188478,0.751095,0.143633,-0.000765832,0.0620568,-0.380952,0.0226278,-0.0850498,0.9204,0.146636,-0.0348982,0.0678314,-0.0239163,0.0158724,-0.142567,0.989369
1756950834540,45,0,-0,0,-0.0598962,-0.261681,-0.0213384,0.963056,0.0740081,0.0322843,-0.00590884,0.079816,0.598181,0.192143,0.773865,0.143799,-0.00242867,0.0610024,-0.375924,0.0351503,-0.0901511,0.921581,0.146512,-0.0363956,0.0673839,-0.0225096,0.0158488,-0.147365,0.988699
1756950834573,46,0,-0,0,-0.0570197,-0.260467,-0.0214762,0.963559,0.0766256,0.0338988,-0.00503276,0.117141,0.559928,0.209436,0.793034,0.143983,-0.00277347,0.0598672,-0.373752,0.0437218,-0.0883793,0.922274,0.146692,-0.0366741,0.0669096,-0.0191826,0.0185508,-0.147145,0.988755
1756950834607,47,0,-0,0,-0.0579586,-0.258959,-0.0236997,0.963859,0.0783448,0.0362158,-0.00415367,0.152511,0.52548,0.232461,0.804115,0.144145,-0.00348714,0.0592479,-0.37451,0.0474946,-0.0897141,0.921654,0.146692,-0.0373772,0.0665515,-0.0188893,0.0214372,-0.149662,0.988325
1756950834640,48,0,-0,0,-0.0620824,-0.251878,-0.032192,0.96523,0.077994,0.0400283,-0.00320683,0.206712,0.495632,0.277352,0.796686,0.144837,-0.00612965,0.0573041,-0.376606,0.0566843,-0.0961587,0.919626,0.146685,-0.0403412,0.0651259,-0.0205372,0.0263245,-0.161513,0.986306
1756950834673,49,0,-0,0,-0.0599842,-0.251085,-0.0302983,0.965631,0.0756367,0.0448612,-0.000935996,0.782028,0.326277,-0.47165,-0.244076,0.144969,-0.00564378,0.0570325,-0.376668,0.0573516,-0.0939311,0.919792,0.146902,-0.0400021,0.0652039,-0.0193563,0.0245214,-0.160244,0.986584
1756950834706,50,0,-0,0,-0.0568306,-0.254083,-0.0310218,0.965012,0.074233,0.0470888,0.000803169,0.767936,0.353197,-0.463154,-0.266427,0.144605,-0.00592543,0.0578994,-0.372738,0.0553679,-0.0948895,0.921407,0.146385,-0.040518,0.0664241,-0.0172268,0.0156996,-0.161464,0.986603
1756950834740,51,0,-0,0,-0.0563176,-0.256244,-0.0340126,0.964373,0.0724849,0.0467437,0.000335207,0.756254,0.357964,-0.471816,-0.278189,0.144294,-0.00679675,0.0585763,-0.3692,0.0540559,-0.0978029,0.922613,0.14586,-0.0413772,0.0671083,-0.0157277,0.0129879,-0.163628,0.986312
1756950834773,52,0,-0,0,-0.0556835,-0.253747,-0.0363478,0.964983,0.071398,0.0460546,-0.000941781,0.746482,0.355837,-0.485818,-0.283105,0.14454,-0.00758202,0.0579374,-0.367528,0.0582322,-0.0996911,0.922821,0.145989,-0.0421968,0.0663692,-0.0148259,0.014985,-0.165757,0.985942
1756950834806,53,0,-0,0,-0.055904,-0.253321,-0.0392267,0.96497,0.0713839,0.0453943,-0.00129112,0.744534,0.35292,-0.491684,-0.281771,0.144498,-0.00847358,0.0583861,-0.367058,0.054185,-0.103279,0.922861,0.145727,-0.0432195,0.0663455,-0.0132602,0.0164342,-0.169349,0.98533
1756950834839,54,0,-0,0,-0.0582373,-0.253449,-0.0424197,0.964662,0.0716872,0.0438846,-0.00227359,0.749222,0.339286,-0.499046,-0.272931,0.14438,-0.00926863,0.0590971,-0.36612,0.0489692,-0.107395,0.923051,0.145229,-0.0444708,0.0665766,-0.0184693,0.0155479,-0.176053,0.984084
1756950834872,55,0,-0,0,-0.0593959,-0.252999,-0.0428195,0.964693,0.072989,0.042242,-0.00327524,0.760909,0.318731,-0.50432,-0.255176,0.144386,-0.00942773,0.0593457,-0.367602,0.0458376,-0.109117,0.922424,0.145134,-0.0447261,0.0667721,-0.0216163,0.0101765,-0.178162,0.983712
1756950834905,56,0,-0,0,-0.0599691,-0.252751,-0.0419715,0.964761,0.0739565,0.04054,-0.00430479,0.768535,0.298785,-0.511615,-0.24163,0.144463,-0.00891606,0.0594599,-0.369011,0.0431689,-0.107084,0.922231,0.145221,-0.0444454,0.0668449,-0.0208417,0.0131289,-0.177594,0.983796
1756950834938,57,0,-0,0,-0.0625775,-0.252218,-0.0430942,0.964684,0.0755812,0.0373126,-0.00607663,0.781525,0.26245,-0.520088,-0.223337,0.144505,-0.00906266,0.0594349,-0.372389,0.0418909,-0.107654,0.920863,0.145151,-0.0446173,0.0668999,-0.018785,0.0141229,-0.178592,0.983643
1756950834972,58,0,-0,0,-0.0623908,-0.255627,-0.0419113,0.96385,0.0761814,0.0358763,-0.00623227,0.787242,0.246454,-0.526905,-0.204669,0.144106,-0.00864339,0.060549,-0.374209,0.0355443,-0.107457,0.920412,0.144803,-0.0441956,0.067913,-0.0179511,0.011639,-0.177408,0.983905
1756950835005,59,0,-0,0,-0.0618131,-0.257354,-0.0419326,0.963425,0.0761907,0.0333342,-0.00698375,0.789159,0.221792,-0.542504,-0.183598,0.143877,-0.00867506,0.0611483,-0.372657,0.0341651,-0.108811,0.920932,0.144578,-0.0442202,0.0683178,-0.0183346,0.00787023,-0.177408,0.983935
1756950835038,60,0,-0,0,-0.0622542,-0.258873,-0.0431695,0.962936,0.0764315,0.0305103,-0.00770708,0.790538,0.193718,-0.557603,-0.16311,0.143656,-0.00901708,0.0615716,-0.37214,0.0344083,-0.110837,0.920893,0.144279,-0.0445208,0.0686124,-0.0189484,0.00703819,-0.178457,0.98374
1756950835071,61,0,-0,0,-0.0611591,-0.261979,-0.0417126,0.962231,0.0759573,0.0293755,-0.00748193,0.140431,0.570727,0.180663,0.78862,0.143306,-0.00857605,0.0623539,-0.370902,0.0324897,-0.110432,0.921512,0.144074,-0.043958,0.069274,-0.0168074,0.00745834,-0.175896,0.984237
1756950835104,62,0,-0,0,-0.0623046,-0.265743,-0.0439454,0.961021,0.0749493,0.0269104,-0.00763607,0.116094,0.589693,0.155837,0.783873,0.142768,-0.00914841,0.0633794,-0.367706,0.0330723,-0.114629,0.922251,0.143423,-0.0443238,0.0701495,-0.0175901,0.00448614,-0.176885,0.984063
1756950835138,63,0,-0,0,-0.0648927,-0.264913,-0.0466106,0.960959,0.0721782,0.0235368,-0.00915652,0.0903498,0.625098,0.120448,0.765908,0.142815,-0.00988573,0.0630192,-0.371308,0.0352112,-0.116646,0.920485,0.143298,-0.0449124,0.069931,-0.0191992,0.0063545,-0.179251,0.983596
1756950835171,64,0,-0,0,-0.0627254,-0.265856,-0.0449109,0.960922,0.06991,0.0222666,-0.00931848,0.0681545,0.65439,0.103879,0.745888,0.142801,-0.00932002,0.062849,-0.370109,0.0367169,-0.11287,0.921376,0.143571,-0.0440307,0.069792,-0.0177277,0.00776944,-0.173825,0.984586
1756950835204,65,0,-0,0,-0.0641968,-0.263185,-0.0443088,0.961587,0.068358,0.0219558,-0.00943923,0.04693,0.678308,0.0966536,0.726879,0.143191,-0.00902194,0.0618736,-0.372226,0.0401595,-0.110411,0.920676,0.144061,-0.0435941,0.0690171,-0.0189993,0.0109947,-0.17207,0.98484
1756950835237,66,0,-0,0,-0.0663702,-0.258854,-0.0441854,0.962618,0.0666544,0.0215612,-0.0103143,0.0311971,0.701522,0.0887967,0.70637,0.143772,-0.00873552,0.0606677,-0.375732,0.043511,-0.107891,0.919392,0.144593,-0.0435973,0.0679317,-0.0207137,0.0154936,-0.173058,0.984571
1756950835270,67,0,-0,0,-0.0659639,-0.251845,-0.0392711,0.964718,0.0628395,0.0204446,-0.0133012,0.0041261,0.737637,0.0642143,0.672128,0.144676,-0.0070533,0.0602156,-0.378231,0.0343355,-0.103636,0.919251,0.145824,-0.0425155,0.0664543,-0.023808,0.016945,-0.170691,0.984891
1756950835304,68,0,-0,0,-0.0657685,-0.25025,-0.0370925,0.965233,0.0614495,0.0203264,-0.0146701,-0.0179315,0.748894,0.0541853,0.660245,0.144877,-0.00629668,0.060382,-0.379182,0.0295452,-0.102228,0.919185,0.146182,-0.0417388,0.0668473,-0.024364,0.0131299,-0.167949,0.985407
1756950835337,69,0,-0,0,-0.0649468,-0.244859,-0.0322131,0.966844,0.0597457,0.0207262,-0.0173319,-0.0568067,0.764823,0.0449361,0.640138,0.145544,-0.0047265,0.0598989,-0.378731,0.0227905,-0.0977266,0.920048,0.14722,-0.0404124,0.06602,-0.0229454,0.017714,-0.163772,0.986072
1756950835370,70,0,-0,0,-0.0647307,-0.238354,-0.0255597,0.968683,0.0578508,0.0218242,-0.0212854,-0.101652,0.775116,0.0460525,0.621929,0.146117,-0.00395525,0.0594954,-0.37584,0.0146936,-0.101734,0.920971,0.148085,-0.0397249,0.0651322,-0.0208313,0.0168666,-0.166189,0.98573
1756950835403,71,0,-0,0,-0.0710574,-0.224933,-0.0149024,0.971667,0.0533677,0.0211925,-0.0278046,-0.159444,0.791459,0.0381497,0.58886,0.14726,-0.00326325,0.0571603,-0.371814,0.00616382,-0.109233,0.921842,0.149378,-0.0389638,0.0635734,-0.0225617,0.0102191,-0.176114,0.984059
1756950835436,72,0,-0,0,-0.0815892,-0.21389,-0.00536564,0.973429,0.0497634,0.0182548,-0.0323466,-0.228436,0.796084,0.0141872,0.560222,0.147829,-0.00296614,0.0560401,-0.371858,-0.0105921,-0.121927,0.920185,0.150249,-0.0382664,0.0617143,-0.024801,0.0108225,-0.187301,0.98193
1756950835469,73,0,-0,0,-0.088245,-0.201259,0.0028332,0.97555,0.0475172,0.0147628,-0.0360963,-0.299151,0.78909,-0.00578902,0.536445,0.148269,-0.00292373,0.0556654,-0.370657,-0.0310104,-0.13775,0.91797,0.151018,-0.0381251,0.0604129,-0.0279146,0.00367824,-0.198991,0.979596
1756950835503,74,0,-0,0,-0.0906582,-0.193227,0.00891453,0.976915,0.0505173,0.010549,-0.0413717,-0.373391,0.758593,-0.0268573,0.53326,0.148296,-0.00286887,0.0559429,-0.368167,-0.0475261,-0.150008,0.916344,0.151611,-0.0375691,0.059821,-0.0263297,0.0038459,-0.203446,0.978724
1756950835536,75,0,-0,0,-0.0843383,-0.196986,0.0162358,0.976637,0.0598942,0.0130811,-0.0461262,-0.392493,0.704548,-0.00585093,0.591216,0.14738,-0.00183432,0.0584037,-0.364201,-0.0648313,-0.155036,0.916035,0.151153,-0.0364442,0.0623878,-0.0193778,-0.0105678,-0.202254,0.979085
1756950835569,76,0,-0,0,-0.0835645,-0.195096,0.0189491,0.977035,0.0692951,0.0241618,-0.0514225,-0.341339,0.651469,0.0700802,0.673956,0.14728,-0.00137268,0.0589087,-0.364761,-0.070307,-0.158306,0.914852,0.151196,-0.0358954,0.063387,-0.0189586,-0.0182099,-0.201826,0.97907
1756950835602,77,0,-0,0,-0.0835522,-0.190518,0.0197827,0.977922,0.0758663,0.0406355,-0.0572837,0.740379,0.163627,-0.613467,0.220744,0.147817,-0.00080196,0.0579753,-0.369833,-0.0675317,-0.155781,0.913453,0.151903,-0.0349873,0.0630929,-0.0154445,-0.0160302,-0.195852,0.980381
1756950835635,78,0,-0,0,-0.0824754,-0.18724,0.0206195,0.97863,0.0770751,0.0597355,-0.057862,0.759704,0.239231,-0.604663,-0.00830462,0.147789,-6.2576e-05,0.0590687,-0.369216,-0.0761329,-0.158581,0.912551,0.151974,-0.0347203,0.0641324,-0.0141989,-0.0218805,-0.194854,0.980487
1756950835668,79,0,-0,0,-0.0830803,-0.186302,0.0237885,0.978684,0.0745873,0.07094,-0.0551091,0.720948,0.259561,-0.609124,-0.204474,0.147692,0.000272468,0.0589883,-0.372082,-0.0814138,-0.159445,0.910769,0.151868,-0.0345965,0.0641872,-0.0127861,-0.0260007,-0.19801,0.979771
1756950835701,80,0,-0,0,-0.0840611,-0.181584,0.0288777,0.979351,0.0695603,0.0788578,-0.052286,0.676139,0.285236,-0.619573,-0.278615,0.148193,0.00192211,0.05787,-0.379649,-0.0861539,-0.15226,0.908441,0.152405,-0.0337142,0.0632743,-0.0140824,-0.027372,-0.19843,0.979632
1756950835735,81,0,-0,0,-0.08349,-0.179006,0.0309386,0.979811,0.0656764,0.0833742,-0.0496183,0.648275,0.307758,-0.626738,-0.303671,0.148582,0.00359844,0.0576015,-0.385985,-0.094513,-0.141828,0.906623,0.152625,-0.0333603,0.063126,-0.0158445,-0.0319513,-0.198417,0.979469
1756950835768,82,0,-0,0,-0.0812187,-0.177731,0.0324437,0.980184,0.0612163,0.0874739,-0.0460455,-0.627822,-0.339174,0.630001,0.306306,0.148656,0.00473819,0.0579956,-0.394647,-0.107581,-0.134353,0.902559,0.152602,-0.0334814,0.0631663,-0.0196624,-0.0373745,-0.200777,0.978725
1756950835801,83,0,-0,0,-0.0791029,-0.177083,0.0351412,0.980383,0.0591133,0.0899444,-0.0435919,-0.615334,-0.35608,0.629585,0.313403,0.148677,0.00656745,0.0585492,-0.400051,-0.12074,-0.124525,0.899934,0.152711,-0.0329665,0.0632887,-0.0178611,-0.0392536,-0.199446,0.97896
1756950835834,84,0,-0,0,-0.0794999,-0.178196,0.0346078,0.980168,0.0576256,0.0909192,-0.0415999,-0.610296,-0.370596,0.628119,0.3093,0.148778,0.00813363,0.0589334,-0.407377,-0.133259,-0.110441,0.89671,0.152443,-0.0331635,0.0638635,-0.0262222,-0.0411859,-0.202123,0.978142
1756950835867,85,0,-0,0,-0.0816598,-0.179196,0.0336752,0.97984,0.056506,0.0914951,-0.0399969,-0.607255,-0.381881,0.625934,0.305984,0.148847,0.00871844,0.0589409,-0.414817,-0.135937,-0.10459,0.893595,0.152135,-0.0333859,0.064473,-0.0319713,-0.0431993,-0.204795,0.977329
1756950835900,86,0,-0,0,-0.080188,-0.182477,0.0352366,0.9793,0.0550925,0.0928435,-0.0377492,-0.603052,-0.394933,0.621274,0.307142,0.149105,0.00979816,0.0579014,-0.419509,-0.129619,-0.0912896,0.893794,0.151874,-0.0328966,0.0653354,-0.0305043,-0.0461364,-0.202874,0.977641
1756950835933,87,0,-0,0,-0.0781499,-0.185883,0.0338647,0.978873,0.0526637,0.0935659,-0.0346206,-0.597305,-0.416013,0.6173,0.298487,0.150197,0.00808027,0.0517917,-0.421799,-0.0732128,-0.0782871,0.90033,0.151362,-0.033627,0.0659392,-0.0423121,-0.050411,-0.207486,0.976021
1756950835966,88,0,-0,0,-0.0804388,-0.185018,0.0329165,0.978885,0.0520919,0.0939842,-0.0337695,-0.592592,-0.419183,0.616078,0.305915,0.150669,0.00529261,0.0391162,-0.417253,0.0385093,-0.0609035,0.905931,0.151265,-0.0341755,0.0655842,-0.0547873,-0.050783,-0.2128,0.974236
1756950836000,89,0,-0,0,-0.0793589,-0.189119,0.0343814,0.978137,0.0499664,0.0940016,-0.0319469,-0.591673,-0.43365,0.612978,0.293424,0.146701,0.0015766,0.0241647,-0.405126,0.198462,-0.0518326,0.89095,0.151068,-0.0343187,0.064936,-0.062328,-0.0408557,-0.215917,0.973563
1756950836033,90,0,-0,0,-0.0804165,-0.195531,0.0314934,0.976887,0.0493111,0.0936479,-0.0303955,-0.593105,-0.441171,0.608313,0.289025,0.138619,-0.0013266,0.0108761,-0.374873,0.371321,-0.0474171,0.848137,0.150594,-0.0348594,0.0649166,-0.0587797,-0.0341934,-0.215654,0.974099
1756950836066,91,0,-0,0,-0.0825628,-0.199279,0.030183,0.975993,0.0493203,0.092756,-0.0302694,-0.600094,-0.442802,0.605036,0.278878,0.128636,-0.00188043,0.00111784,-0.321609,0.527152,-0.0510624,0.784913,0.151053,-0.0349778,0.0610632,-0.0592308,0.00505348,-0.213916,0.975042
1756950836099,92,0,-0,0,-0.0778896,-0.206258,0.0306421,0.974911,0.0485835,0.0924623,-0.0286044,0.603145,0.452173,-0.599881,-0.268132,0.117218,-0.000657263,-0.000915701,-0.217933,0.654936,-0.0790743,0.719241,0.151099,-0.0347534,0.0578849,-0.046387,0.0382009,-0.207938,0.976294
1756950836132,93,0,-0,0,-0.0753966,-0.213886,0.0313775,0.973439,0.0482962,0.0922371,-0.0277129,0.607614,0.455817,-0.595426,-0.261721,0.110221,0.000910258,0.000741169,-0.161544,0.723468,-0.0927933,0.664742,0.150967,-0.0337436,0.0561308,-0.0444385,0.0555595,-0.199476,0.977316
1756950836165,94,0,-0,0,-0.0723694,-0.221393,0.0359023,0.971833,0.0493925,0.0908406,-0.0280618,0.614063,0.450329,-0.597842,-0.250433,0.106862,0.00171253,0.00130009,-0.122353,0.765683,-0.107584,0.622243,0.150834,-0.0318925,0.05334,-0.0453972,0.0755872,-0.189422,0.977929
1756950836198,95,0,-0,0,-0.0708871,-0.227164,0.0383758,0.970515,0.049141,0.0902785,-0.0278119,0.617513,0.451568,-0.597155,-0.2412,0.102847,0.00255651,0.00253553,-0.117264,0.796952,-0.108707,0.5825,0.150415,-0.0306701,0.0496386,-0.047355,0.11173,-0.182313,0.975723
1756950836232,96,0,-0,0,-0.0700725,-0.235258,0.0400187,0.968576,0.0491592,0.0901259,-0.0270984,0.622239,0.453796,-0.592986,-0.235003,0.0998757,0.00287141,0.00371201,-0.131275,0.810782,-0.104416,0.560774,0.149684,-0.029149,0.0475744,-0.0506631,0.138534,-0.173035,0.973806
1756950836265,97,0,-0,0,-0.0682656,-0.240041,0.0427277,0.967417,0.0485414,0.0898676,-0.026695,0.623232,0.455475,-0.592293,-0.230949,0.0968503,0.00321367,0.00426048,-0.144335,0.827828,-0.100503,0.532721,0.149143,-0.0278,0.0454366,-0.0523554,0.159332,-0.165557,0.971836
1756950836298,98,0,-0,0,-0.067392,-0.244807,0.0428667,0.966276,0.0485603,0.0891663,-0.0263261,0.625965,0.455564,-0.591371,-0.225567,0.0954613,0.00303591,0.00498125,-0.153321,0.829856,-0.0980452,0.527437,0.148509,-0.0267157,0.0435345,-0.0499217,0.180349,-0.157468,0.969631
1756950836331,99,0,-0,0,-0.067993,-0.247197,0.0435717,0.965595,0.0487351,0.0887411,-0.0262411,0.628457,0.455517,-0.590781,-0.220345,0.0935716,0.00288641,0.00506983,-0.160856,0.840116,-0.0972859,0.508816,0.148,-0.0262578,0.042336,-0.0489215,0.19307,-0.15526,0.967588
1756950836364,100,0,-0,0,-0.0682257,-0.246406,0.0439022,0.965764,0.0486956,0.0885893,-0.0263958,0.628322,0.45504,-0.591625,-0.219313,0.0930971,0.0027521,0.00486097,-0.165871,0.841902,-0.0965839,0.50431,0.147878,-0.0258664,0.0407836,-0.0459314,0.203163,-0.152773,0.966061
1756950836397,101,0,-0,0,-0.0690062,-0.247033,0.0431573,0.965585,0.0489623,0.0884047,-0.0263794,0.629524,0.454427,-0.591221,-0.218431,0.0923416,0.0025426,0.00483115,-0.169945,0.844214,-0.0949362,0.499467,0.147634,-0.026046,0.0403978,-0.0498354,0.206155,-0.153157,0.965175
1756950836430,102,0,-0,0,-0.0696202,-0.247276,0.0435976,0.965458,0.0488083,0.0883541,-0.0263985,0.628329,0.454582,-0.592341,-0.218441,0.091921,0.00256785,0.00473996,-0.170874,0.846181,-0.0948763,0.495786,0.147494,-0.0256762,0.0396764,-0.0473042,0.212858,-0.15146,0.964114
1756950836464,103,0,-0,0,-0.0691608,-0.244342,0.0427735,0.966275,0.0486803,0.0882848,-0.026488,0.625775,0.454376,-0.594293,-0.220941,0.0918475,0.00239465,0.00416972,-0.169597,0.849149,-0.0945572,0.491216,0.147606,-0.0257864,0.0382193,-0.0464632,0.219796,-0.150552,0.96274
1756950836497,104,0,-0,0,-0.0701816,-0.244395,0.0416694,0.966237,0.048844,0.0881233,-0.0265847,0.626306,0.453365,-0.594388,-0.221298,0.0919227,0.00213407,0.00424875,-0.166794,0.851312,-0.0977816,0.487808,0.147469,-0.0260257,0.0379939,-0.0449834,0.225264,-0.151499,0.961398
1756950836530,105,0,-0,0,-0.0707123,-0.244805,0.0417182,0.96609,0.0489035,0.0880298,-0.0266662,0.62807,0.453295,-0.593444,-0.218773,0.0921126,0.00212908,0.00439632,-0.165377,0.852001,-0.0998331,0.486584,0.147428,-0.0260102,0.0381583,-0.0442549,0.22674,-0.1519,0.961018
1756950836563,106,0,-0,0,-0.0704564,-0.242401,0.040223,0.966775,0.049063,0.0875805,-0.0267332,0.627097,0.452835,-0.595306,-0.217299,0.0933212,0.00202995,0.00391272,-0.158505,0.848143,-0.100634,0.495298,0.147543,-0.0265221,0.0374921,-0.0404754,0.228179,-0.15339,0.960604
1756950836596,107,0,-0,0,-0.0718426,-0.241363,0.0383904,0.967012,0.0497076,0.0871759,-0.0267537,0.628703,0.451469,-0.595148,-0.21624,0.0952986,0.00183193,0.00382647,-0.166627,0.834976,-0.0972706,0.515404,0.148151,-0.0271231,0.0398449,-0.0420577,0.208994,-0.156316,0.964428
1756950836629,108,0,-0,0,-0.0727558,-0.240128,0.0374394,0.967288,0.0500537,0.0872729,-0.0267446,0.629036,0.451085,-0.594362,-0.21819,0.0969412,0.00144788,0.00326708,-0.174572,0.823839,-0.0955207,0.53078,0.148587,-0.0275343,0.0414958,-0.0426859,0.198497,-0.158876,0.966198
1756950836662,109,0,-0,0,-0.0725639,-0.235291,0.0345131,0.968595,0.0499972,0.087776,-0.0264962,0.622922,0.452278,-0.595815,-0.228812,0.10081,-0.000178927,0.00066728,-0.206282,0.790732,-0.0842989,0.570107,0.149112,-0.0294155,0.0431086,-0.0481472,0.185155,-0.16848,0.966959
1756950836696,110,0,-0,0,-0.0750379,-0.226736,0.0307015,0.970576,0.050345,0.0880197,-0.0271807,0.617787,0.448467,-0.599107,-0.241455,0.106855,-0.00166311,-0.00326616,-0.270394,0.739815,-0.0540453,0.613721,0.149805,-0.0313646,0.0436506,-0.0532635,0.173264,-0.17837,0.967123
1756950836729,111,0,-0,0,-0.0824011,-0.199867,0.0218511,0.976107,0.051154,0.0881712,-0.0293626,-0.601908,-0.438477,0.610915,0.268754,0.124141,-0.00269292,-0.00349671,-0.403732,0.545462,0.0153137,0.734329,0.152223,-0.0351859,0.046797,-0.070962,0.11987,-0.198304,0.970191
1756950836762,112,0,-0,0,-0.0890325,-0.180044,0.0165383,0.979482,0.0498051,0.0904193,-0.0300943,-0.585279,-0.43916,0.613899,0.296232,0.139632,-0.000695824,0.0056956,-0.431122,0.335583,0.0247449,0.837211,0.15303,-0.0381446,0.0511167,-0.0877003,0.0614745,-0.218075,0.970039
1756950836795,113,0,-0,0,-0.0938992,-0.167933,0.0140133,0.981216,0.0501896,0.0913244,-0.0312271,-0.575367,-0.431254,0.618239,0.317423,0.147616,0.0020761,0.0144518,-0.444409,0.1984,0.0240326,0.873248,0.152925,-0.0398485,0.0542422,-0.10299,0.0177581,-0.231719,0.967153
1756950836828,114,0,-0,0,-0.0954927,-0.156531,0.0123834,0.982968,0.0511878,0.0921273,-0.0314517,-0.564832,-0.425779,0.620347,0.338929,0.153316,0.00549707,0.0271502,-0.44566,0.0446591,0.0101317,0.894034,0.152246,-0.0404521,0.0600643,-0.112557,-0.054326,-0.23919,0.962897
1756950836861,115,0,-0,0,-0.0917739,-0.146358,0.0123359,0.984889,0.0513902,0.0934876,-0.0312585,-0.550487,-0.420502,0.622491,0.364278,0.154896,0.00688393,0.0327088,-0.441205,-0.0228821,-0.000926198,0.897121,0.151863,-0.0412498,0.0618268,-0.11475,-0.0910835,-0.244669,0.958477
1756950836894,116,0,-0,0,-0.0922887,-0.14248,0.013319,0.985396,0.0518433,0.0938169,-0.0317494,-0.54634,-0.415477,0.624095,0.37337,0.155224,0.00826417,0.036209,-0.439246,-0.0620573,-0.00534901,0.896206,0.151425,-0.0411054,0.0634143,-0.116744,-0.114098,-0.24651,0.955294
1756950836927,117,0,-0,0,-0.0905183,-0.134478,0.012642,0.986693,0.0519391,0.0941916,-0.0318503,-0.536028,-0.412092,0.627421,0.386317,0.155568,0.0083586,0.0383248,-0.44299,-0.0917985,-0.0134785,0.891719,0.151126,-0.0418125,0.0639218,-0.120827,-0.138459,-0.250288,0.950574
1756950836961,118,0,-0,0,-0.0896844,-0.132791,0.0129499,0.986994,0.0525415,0.0945254,-0.0317449,-0.534741,-0.410962,0.6262,0.391241,0.155443,0.0085986,0.0401549,-0.442925,-0.106813,-0.0200696,0.889952,0.150541,-0.0422647,0.0648079,-0.122832,-0.149201,-0.254902,0.94746
1756950836994,119,0,-0,0,-0.0903688,-0.133701,0.013447,0.986801,0.0527319,0.095072,-0.0317384,-0.531458,-0.407166,0.625741,0.40025,0.15524,0.00883349,0.0413038,-0.443949,-0.1159,-0.0221742,0.888246,0.150048,-0.0421662,0.0659274,-0.127212,-0.161072,-0.256167,0.94459
1756950837027,120,0,-0,0,-0.0927818,-0.135057,0.0132378,0.986396,0.0529175,0.0949588,-0.0320823,-0.53381,-0.405791,0.625553,0.39884,0.155051,0.00892529,0.0422034,-0.444977,-0.120673,-0.0246128,0.887035,0.149776,-0.0419759,0.0666617,-0.125858,-0.165221,-0.255876,0.944135
1756950837060,121,0,-0,0,-0.0932108,-0.136165,0.0134391,0.9862,0.0532158,0.0948219,-0.032367,-0.535846,-0.403999,0.6254,0.398171,0.154882,0.00903626,0.0429676,-0.444016,-0.122446,-0.0276874,0.887183,0.150276,-0.0420707,0.065293,-0.121611,-0.152882,-0.254788,0.94706
1756950837093,122,0,-0,0,-0.0934063,-0.142868,0.0156288,0.985201,0.0531993,0.0950769,-0.0318547,-0.540685,-0.407695,0.622555,0.392318,0.154207,0.00990765,0.0452346,-0.442279,-0.130437,-0.029643,0.886853,0.150715,-0.0412774,0.0645056,-0.115535,-0.133636,-0.250603,0.951838
1756950837126,123,0,-0,0,-0.0928976,-0.142476,0.014634,0.98532,0.0533957,0.0949819,-0.0318364,-0.539846,-0.40648,0.62258,0.394616,0.154076,0.00952458,0.0460599,-0.439587,-0.133289,-0.0354804,0.887544,0.153341,-0.0421286,0.0543961,-0.0781683,-0.0420803,-0.244364,0.965611
1756950837159,124,0,-0,0,-0.0915645,-0.14125,0.0158443,0.985603,0.0536255,0.0946013,-0.032875,-0.542652,-0.400431,0.624288,0.394275,0.153789,0.0102411,0.0475423,-0.436783,-0.15039,-0.0363527,0.886162,0.155274,-0.0412964,0.0411941,-0.0358637,0.0827892,-0.231367,0.968674
1756950837192,125,0,-0,0,-0.0912853,-0.143667,0.0160947,0.985275,0.0537649,0.0940713,-0.0328526,-0.545874,-0.402131,0.624517,0.387626,0.15312,0.0108363,0.0500396,-0.430783,-0.165873,-0.0406002,0.886145,0.155152,-0.0393806,0.0300553,0.00489083,0.200584,-0.214587,0.955872
1756950837225,126,0,-0,0,-0.0898224,-0.147172,0.0173388,0.984872,0.0548646,0.0937693,-0.0338355,-0.551473,-0.394562,0.624402,0.387796,0.151935,0.0110179,0.0537822,-0.426373,-0.187469,-0.0525989,0.883353,0.15024,-0.0356902,0.0107254,0.0998159,0.405056,-0.189239,0.888916
1756950837258,127,0,-0,0,-0.0890049,-0.148971,0.0176118,0.984671,0.0561678,0.0918509,-0.0368812,-0.563074,-0.378978,0.629932,0.377552,0.150995,0.0109263,0.0564448,-0.42007,-0.201539,-0.0631526,0.882579,0.143991,-0.0325927,-0.00120811,0.172649,0.53324,-0.171181,0.810286
1756950837292,128,0,-0,0,-0.089688,-0.162918,0.0202966,0.982346,0.0576153,0.0908648,-0.0379165,-0.577797,-0.371818,0.627868,0.365714,0.149018,0.0122542,0.0612442,-0.417542,-0.220421,-0.0673879,0.878949,0.137882,-0.030037,-0.00480109,0.199804,0.600388,-0.163711,0.756874
1756950837325,129,0,-0,0,-0.0888178,-0.174055,0.0220134,0.980476,0.0602565,0.0884074,-0.040725,-0.597386,-0.353544,0.628773,0.350424,0.147309,0.0130807,0.0650914,-0.413572,-0.235188,-0.0713157,0.876678,0.125939,-0.0246159,-0.00790441,0.226511,0.685495,-0.149776,0.675554
1756950837358,130,0,-0,0,-0.0869252,-0.188886,0.0239472,0.977852,0.0654324,0.0842161,-0.0434606,-0.624624,-0.327066,0.625344,0.33444,0.145864,0.0138166,0.0680977,-0.410197,-0.245453,-0.0670149,0.875791,0.120676,-0.0217617,-0.00658159,0.230183,0.727818,-0.135567,0.631625
1756950837391,131,0,-0,0,-0.0881689,-0.196226,0.0243196,0.976283,0.0684283,0.081768,-0.0451013,0.643677,0.312501,-0.620878,-0.32014,0.144815,0.0143001,0.070218,-0.408485,-0.251886,-0.068546,0.874632,0.116959,-0.0193626,-0.00469131,0.23191,0.75093,-0.124136,0.605696
1756950837424,132,0,-0,0,-0.0897572,-0.208057,0.0238754,0.973698,0.0735631,0.0770241,-0.0476763,0.675816,0.28263,-0.610114,-0.301944,0.143122,0.0144487,0.0735451,-0.407703,-0.260722,-0.0736313,0.872001,0.112191,-0.016767,-0.00183517,0.22483,0.785613,-0.107785,0.56627
1756950837457,133,0,-0,0,-0.0921918,-0.213252,0.0240738,0.972338,0.074915,0.0755469,-0.0480236,0.689872,0.278486,-0.605349,-0.282896,0.142499,0.0144331,0.0746485,-0.409881,-0.260458,-0.0773488,0.870725,0.111392,-0.0164333,-0.000394972,0.222916,0.785833,-0.107958,0.566634
1756950837490,134,0,-0,0,-0.0926395,-0.213357,0.0230562,0.972299,0.0765212,0.0731582,-0.049426,0.700404,0.265336,-0.603889,-0.272708,0.142524,0.0140807,0.0746506,-0.409151,-0.258775,-0.0789318,0.871439,0.110396,-0.0162886,-0.000353195,0.223051,0.794969,-0.105924,0.554142
1756950837524,135,0,-0,0,-0.0937309,-0.213719,0.0227341,0.972123,0.0774728,0.0716438,-0.0503986,0.706978,0.255837,-0.602247,-0.268404,0.142517,0.0141361,0.0746625,-0.406634,-0.257349,-0.0787668,0.873052,0.109844,-0.0162081,-0.000229998,0.218509,0.800685,-0.105295,0.547798
1756950837557,136,0,-0,0,-0.0951701,-0.2152,0.0222913,0.971665,0.0784118,0.0698355,-0.0512991,0.714954,0.247004,-0.601139,-0.257739,0.142328,0.0143144,0.0750143,-0.40478,-0.256982,-0.0786298,0.874025,0.109696,-0.016083,0.000383332,0.21775,0.800932,-0.104349,0.54788
1756950837590,137,0,-0,0,-0.0954765,-0.214374,0.0218951,0.971829,0.0788201,0.0688234,-0.051888,0.718118,0.242284,-0.601794,-0.252018,0.142501,0.0142452,0.0747101,-0.404607,-0.256052,-0.0778183,0.874468,0.109542,-0.0159409,0.000413883,0.213746,0.804452,-0.102411,0.544745
1756950837623,138,0,-0,0,-0.0969111,-0.214758,0.0211974,0.971614,0.0792164,0.0683145,-0.0520746,0.719352,0.238905,-0.600892,-0.253623,0.142524,0.0139254,0.0746643,-0.407147,-0.252277,-0.080794,0.874094,0.109391,-0.0159943,0.000661112,0.212586,0.806002,-0.102359,0.542798
1756950837656,139,0,-0,0,-0.0970798,-0.214976,0.0205492,0.971565,0.0793829,0.0678661,-0.0522029,0.720546,0.237756,-0.601662,-0.249593,0.142628,0.0136206,0.0744872,-0.407252,-0.250346,-0.0811564,0.874579,0.109474,-0.0160506,0.000821326,0.211251,0.806553,-0.101351,0.542753
1756950837690,140,0,-0,0,-0.0963155,-0.212691,0.0199468,0.972156,0.079719,0.0673009,-0.0524934,0.721676,0.235,-0.601923,-0.248279,0.143062,0.0132686,0.0736984,-0.409109,-0.247,-0.0807754,0.874697,0.110145,-0.0162865,0.000242889,0.214654,0.803073,-0.101318,0.546559
1756950837723,141,0,-0,0,-0.0950376,-0.212933,0.0204239,0.972219,0.0797763,0.0672087,-0.0522112,0.72434,0.238322,-0.602356,-0.236018,0.143093,0.0134321,0.0736253,-0.405203,-0.245047,-0.0794757,0.877181,0.114279,-0.0173479,-0.00096003,0.20991,0.771858,-0.106317,0.590655
1756950837756,142,0,-0,0,-0.0967016,-0.205922,0.0197689,0.973578,0.0793011,0.0674506,-0.0530232,0.721354,0.237408,-0.604017,-0.241738,0.144016,0.0125947,0.0718374,-0.405689,-0.237985,-0.0830526,0.878566,0.119803,-0.0204081,-0.00328667,0.209157,0.734367,-0.122802,0.633929
1756950837789,143,0,-0,0,-0.0978167,-0.201002,0.0185219,0.97452,0.0791488,0.0672286,-0.0536488,0.721907,0.236775,-0.605112,-0.238028,0.144579,0.011723,0.0707598,-0.409289,-0.234412,-0.0871815,0.877463,0.125976,-0.0232406,-0.00364129,0.196525,0.690858,-0.133808,0.682802
1756950837823,144,0,-0,0,-0.0948137,-0.197326,0.0191442,0.975554,0.0783391,0.0686978,-0.0531705,0.718428,0.244896,-0.605232,-0.239934,0.144812,0.0107327,0.0702403,-0.404323,-0.234087,-0.0928459,0.879262,0.135256,-0.0254191,0.000176711,0.179303,0.627944,-0.133693,0.745421
1756950837856,145,0,-0,0,-0.0940718,-0.185936,0.0202772,0.977838,0.0762947,0.0704459,-0.0538963,0.710681,0.252742,-0.609834,-0.243197,0.145672,0.0107321,0.0684539,-0.401978,-0.229341,-0.0968448,0.881155,0.142328,-0.0264337,0.00487514,0.161833,0.559599,-0.134343,0.801626
1756950837889,146,0,-0,0,-0.0981792,-0.174182,0.0186023,0.97963,0.0750741,0.0702533,-0.0558964,0.703265,0.248946,-0.618129,-0.247726,0.147057,0.0100161,0.0654744,-0.403224,-0.219736,-0.0979919,0.882908,0.15217,-0.0296055,0.0210893,0.0926296,0.385673,-0.149867,0.905659
1756950837922,147,0,-0,0,-0.100663,-0.163459,0.0174225,0.981248,0.0737451,0.0698896,-0.0578095,0.697132,0.246279,-0.627123,-0.245272,0.147772,0.00931093,0.0637962,-0.402788,-0.21912,-0.102952,0.882708,0.156118,-0.0337808,0.0410771,0.00177571,0.168919,-0.18409,0.968287
1756950837955,148,0,-0,0,-0.102081,-0.160033,0.0196449,0.981623,0.0732388,0.0705894,-0.0583239,0.693387,0.245317,-0.627814,-0.254774,0.147481,0.00965686,0.0641459,-0.396462,-0.226817,-0.107036,0.883132,0.155038,-0.03574,0.0521662,-0.0339457,0.0464582,-0.207125,0.976622
1756950837989,149,0,-0,0,-0.104,-0.154678,0.0196419,0.98228,0.0726966,0.0704045,-0.0592795,0.690379,0.24323,-0.631729,-0.255266,0.147758,0.00931321,0.0633333,-0.396964,-0.227486,-0.110376,0.882323,0.154118,-0.0368113,0.0566858,-0.0482478,-0.00844047,-0.218468,0.974615
1756950838022,150,0,-0,0,-0.10339,-0.147918,0.0200653,0.983375,0.0719102,0.070899,-0.0601411,0.681562,0.238721,-0.635633,-0.27282,0.147795,0.00864496,0.0628664,-0.392014,-0.231742,-0.117343,0.882521,0.152381,-0.0393202,0.0601684,-0.0563937,-0.0573602,-0.238985,0.967685
1756950838055,151,0,-0,0,-0.101004,-0.147965,0.0226385,0.983561,0.0713814,0.0716817,-0.0598608,0.679027,0.242313,-0.636643,-0.273624,0.147351,0.0090377,0.0635997,-0.383942,-0.235648,-0.120037,0.884672,0.151496,-0.0397125,0.0619717,-0.0640243,-0.0773606,-0.246289,0.963979
1756950838088,152,0,-0,0,-0.102308,-0.148972,0.0226211,0.983274,0.0714297,0.0714826,-0.0599457,0.679825,0.242284,-0.637108,-0.270548,0.147038,0.00919552,0.0642244,-0.382753,-0.240365,-0.120607,0.883838,0.150746,-0.0400871,0.0634231,-0.0661512,-0.0869971,-0.251023,0.96179
1756950838122,153,0,-0,0,-0.10372,-0.150237,0.022896,0.982927,0.0717397,0.0703459,-0.0608803,0.682183,0.233996,-0.637791,-0.270288,0.146736,0.00951631,0.0648298,-0.383184,-0.243892,-0.120897,0.882643,0.150732,-0.039909,0.0634312,-0.0687128,-0.0865707,-0.250896,0.961682
1756950838155,154,0,-0,0,-0.103994,-0.152935,0.0227405,0.982485,0.0722518,0.0692801,-0.0612641,0.685552,0.228734,-0.637739,-0.266379,0.146229,0.00976085,0.0659184,-0.383584,-0.249976,-0.121229,0.880722,0.151998,-0.0391456,0.0602646,-0.0587993,-0.0490338,-0.242315,0.967171
1756950838188,155,0,-0,0,-0.105151,-0.152501,0.0220071,0.982446,0.0729585,0.0679328,-0.0617485,0.692604,0.224587,-0.636145,-0.255185,0.145751,0.00998473,0.0667842,-0.382003,-0.253146,-0.124674,0.880017,0.153468,-0.0380748,0.0565963,-0.0445129,-0.00252081,-0.231245,0.971872
1756950838221,156,0,-0,0,-0.105456,-0.154153,0.0216038,0.982166,0.0738976,0.0653582,-0.0625101,0.703648,0.219424,-0.63726,-0.225072,0.145556,0.0104406,0.0672944,-0.380714,-0.253389,-0.122791,0.880784,0.155563,-0.0358814,0.0487585,-0.0145064,0.0873475,-0.209011,0.973897
1756950838255,157,0,-0,0,-0.106432,-0.16037,0.0211508,0.981075,0.0762001,0.0620735,-0.0622556,0.721993,0.213756,-0.632115,-0.183028,0.144774,0.0111977,0.0690419,-0.38002,-0.258954,-0.12045,0.879789,0.156546,-0.0327026,0.0433067,0.0196032,0.166949,-0.181425,0.968933
1756950838288,158,0,-0,0,-0.106258,-0.166701,0.0208328,0.980045,0.0783579,0.0588181,-0.0621044,0.73712,0.202486,-0.626107,-0.153885,0.143956,0.0118123,0.0707994,-0.377458,-0.263086,-0.118988,0.879866,0.156514,-0.0303911,0.0383746,0.0626241,0.240729,-0.158365,0.955538
1756950838321,159,0,-0,0,-0.103848,-0.171952,0.0179756,0.979451,0.0806712,0.0527636,-0.0623158,0.753069,0.1811,-0.624719,-0.0990245,0.143406,0.0118194,0.0722017,-0.373246,-0.263895,-0.116688,0.881719,0.15523,-0.0281109,0.0289586,0.112979,0.349635,-0.131554,0.920697
1756950838354,160,0,-0,0,-0.102864,-0.176568,0.0160607,0.978767,0.0814359,0.0478064,-0.0623424,0.759153,0.161573,-0.627603,-0.060883,0.14291,0.0122517,0.0733799,-0.37128,-0.262148,-0.114306,0.883384,0.153103,-0.0262175,0.0219562,0.138999,0.424929,-0.115019,0.887068
1756950838387,161,0,-0,0,-0.101783,-0.183736,0.01501,0.977578,0.0822028,0.0427968,-0.0615476,0.763806,0.139945,-0.629524,-0.0275643,0.142013,0.0131132,0.0752253,-0.371322,-0.264945,-0.110632,0.883005,0.150175,-0.023729,0.0161123,0.169214,0.501466,-0.0946221,0.843186
1756950838420,162,0,-0,0,-0.0973763,-0.192752,0.0131577,0.976315,0.0835437,0.0386198,-0.0606993,0.764272,0.118437,-0.633831,-0.0111318,0.142092,0.0129181,0.0756533,-0.370937,-0.261121,-0.100831,0.885469,0.146313,-0.0215866,0.0109449,0.187514,0.569895,-0.0774414,0.796281
1756950838454,163,0,-0,0,-0.0960806,-0.197662,0.01217,0.975474,0.0839184,0.0359678,-0.0592136,0.765687,0.105635,-0.634482,-0.00132996,0.141786,0.0132873,0.0763758,-0.371443,-0.257304,-0.0977044,0.886724,0.143246,-0.0190079,0.0076586,0.199055,0.617272,-0.0593981,0.758833
1756950838487,164,0,-0,0,-0.0933316,-0.202198,0.0121586,0.974811,0.0839386,0.0336045,-0.0575306,0.767256,0.0942532,-0.634253,0.0114597,0.141399,0.0135132,0.0771728,-0.3687,-0.253924,-0.0962027,0.889,0.140508,-0.0164418,0.00560459,0.200506,0.655068,-0.042279,0.727236
1756950838520,165,0,-0,0,-0.0925281,-0.208678,0.0108066,0.973539,0.0836087,0.0319857,-0.0556219,0.76997,0.0851748,-0.632398,-0.00206716,0.14104,0.0136579,0.0779794,-0.370683,-0.24766,-0.0943845,0.890146,0.136167,-0.0132969,0.00358888,0.194386,0.700225,-0.0225808,0.686607
1756950838553,166,0,-0,0,-0.0918752,-0.211879,0.0104937,0.972912,0.0823171,0.0296427,-0.0533026,0.768134,0.0733786,-0.63609,-0.00357266,0.141115,0.0138847,0.0779142,-0.372459,-0.239361,-0.0919709,0.891926,0.132673,-0.0113869,0.00168899,0.192219,0.735143,-0.0108062,0.650029
1756950838586,167,0,-0,0,-0.0917414,-0.213328,0.0101869,0.97261,0.0820624,0.0288683,-0.0524879,0.767298,0.0690634,-0.637501,-0.00715473,0.141458,0.0140057,0.0773325,-0.372404,-0.230797,-0.0885194,0.894542,0.131409,-0.0102837,0.00134269,0.190339,0.746829,-0.0033665,0.637166
1756950838620,168,0,-0,0,-0.0931246,-0.212145,0.00963072,0.972745,0.0821511,0.0264873,-0.0516811,0.76617,0.0550162,-0.640245,-0.00928646,0.141861,0.0139079,0.076619,-0.37492,-0.224835,-0.0884633,0.895025,0.130028,-0.00966638,0.000144709,0.193522,0.750914,-0.00235955,0.631439
1756950838653,169,0,-0,0,-0.0936318,-0.211851,0.0106853,0.972748,0.0829672,0.0248989,-0.0511436,0.76893,0.0448968,-0.637713,-0.00736528,0.142112,0.0141133,0.0760984,-0.378033,-0.221567,-0.0875753,0.894612,0.129799,-0.0088635,-0.000184925,0.195127,0.746949,-0.000656154,0.635605
1756950838686,170,0,-0,0,-0.094098,-0.210527,0.0106025,0.972991,0.0830636,0.0245389,-0.0512713,0.769124,0.0426623,-0.63762,-0.00792123,0.142443,0.0141123,0.075481,-0.378363,-0.217508,-0.0866514,0.895556,0.129718,-0.00883169,-0.000619419,0.196297,0.744565,-0.00188797,0.638028
1756950838719,171,0,-0,0,-0.0945617,-0.209166,0.00921434,0.973252,0.0834715,0.0226106,-0.0509032,0.770109,0.031376,-0.637081,-0.00410232,0.142959,0.0135415,0.0745814,-0.377645,-0.20785,-0.0877811,0.898033,0.129854,-0.00892413,-0.000973299,0.199459,0.746892,-0.000123828,0.63428
1756950838752,172,0,-0,0,-0.0951839,-0.209247,0.00966802,0.973173,0.0840229,0.0215537,-0.0504628,0.771608,0.0247256,-0.635669,-0.00228851,0.143049,0.0136584,0.0743797,-0.378013,-0.205193,-0.0876358,0.89852,0.130142,-0.0082905,-0.000956627,0.201394,0.743808,0.00301321,0.637379
1756950838786,173,0,-0,0,-0.0951625,-0.208665,0.00961706,0.973299,0.0846552,0.020778,-0.0500282,0.77254,0.0199681,-0.634653,3.51468e-05,0.14318,0.0134408,0.0741368,-0.379378,-0.204181,-0.0886085,0.898071,0.13035,-0.00789126,-0.00111148,0.205149,0.742038,0.00570238,0.638172
1756950838819,174,0,-0,0,-0.0951357,-0.20904,0.0106295,0.97321,0.0858452,0.0203902,-0.0499589,0.775146,0.0169748,-0.631536,-0.00319165,0.143236,0.0135663,0.0739709,-0.379277,-0.201218,-0.0888299,0.898758,0.130247,-0.00732381,-0.00127403,0.208981,0.738897,0.00687077,0.640545
1756950838852,175,0,-0,0,-0.096093,-0.211202,0.0117368,0.972637,0.0865464,0.020114,-0.0496206,0.779186,0.0148872,-0.626616,-0.00123909,0.143101,0.0137241,0.0741405,-0.379233,-0.197188,-0.0902465,0.899531,0.130322,-0.00654012,-0.000849215,0.211471,0.737068,0.0103042,0.641799
1756950838885,176,0,-0,0,-0.0977177,-0.21173,0.0129188,0.972347,0.0867407,0.0200813,-0.0496129,0.780062,0.0143638,-0.625585,-0.000341104,0.143093,0.0139954,0.0740617,-0.380069,-0.194853,-0.0909474,0.899623,0.130529,-0.00597725,-0.000638053,0.211412,0.735475,0.0119926,0.64366
1756950838918,177,0,-0,0,-0.0977164,-0.213979,0.0138732,0.971839,0.0870019,0.0200903,-0.0491254,0.781876,0.0141521,-0.623251,0.00429353,0.142761,0.0141657,0.0746325,-0.381072,-0.197045,-0.0919163,0.898614,0.130784,-0.00572101,7.97547e-05,0.21555,0.732784,0.0134692,0.645271
1756950838951,178,0,-0,0,-0.100438,-0.216686,0.0141775,0.970957,0.0874432,0.0197272,-0.0486839,0.782804,0.0118219,-0.622101,0.00660433,0.142423,0.0144215,0.0751938,-0.382647,-0.19869,-0.0925803,0.897511,0.130927,-0.00568784,0.000913337,0.213909,0.731819,0.0129881,0.646908
1756950838984,179,0,-0,0,-0.100595,-0.217756,0.0147668,0.970693,0.0878692,0.0196059,-0.048486,0.784618,0.0108671,-0.619788,0.0104989,0.142349,0.0146164,0.0752816,-0.381134,-0.198072,-0.0915663,0.898397,0.131028,-0.00553689,0.00118947,0.218197,0.730292,0.0136384,0.647201
1756950839018,180,0,-0,0,-0.101455,-0.221372,0.015882,0.969769,0.0888559,0.0199595,-0.0479783,0.788935,0.0124729,-0.614291,0.0112142,0.142037,0.0147354,0.0757498,-0.379622,-0.19672,-0.0921913,0.899279,0.131364,-0.00508671,0.00221002,0.215784,0.725974,0.0151655,0.652858
1756950839051,181,0,-0,0,-0.102526,-0.225734,0.0169931,0.968629,0.0894068,0.0202075,-0.0472114,0.792543,0.0134746,-0.609423,0.0165674,0.141513,0.0150803,0.0765893,-0.378837,-0.19723,-0.0927282,0.899433,0.131349,-0.00474164,0.00322581,0.213931,0.720895,0.0148136,0.659016
1756950839084,182,0,-0,0,-0.103037,-0.229737,0.0182134,0.967611,0.0899044,0.0203907,-0.0465138,0.795354,0.0139801,-0.605466,0.0244526,0.141112,0.0154533,0.0771818,-0.379848,-0.197412,-0.0921399,0.899026,0.131222,-0.00413318,0.00344082,0.213091,0.716224,0.0147047,0.664356
1756950839117,183,0,-0,0,-0.104159,-0.232069,0.018221,0.966935,0.0899577,0.0201337,-0.0459634,0.79541,0.0121828,-0.604839,0.0368055,0.141055,0.0154648,0.0771984,-0.382696,-0.193776,-0.0923389,0.898594,0.131078,-0.00387729,0.00363901,0.210095,0.714128,0.0144654,0.667596
1756950839151,184,0,-0,0,-0.105335,-0.234448,0.01862,0.966225,0.0903557,0.0204131,-0.0459666,0.797707,0.0136777,-0.601578,0.0394229,0.140799,0.0156971,0.0775763,-0.380485,-0.194394,-0.0913236,0.899498,0.131071,-0.00367238,0.00419294,0.210145,0.710941,0.0143287,0.670947
1756950839184,185,0,-0,0,-0.105839,-0.235148,0.0185604,0.966002,0.090379,0.0205325,-0.0460565,0.797738,0.0144091,-0.601408,0.0413897,0.140775,0.0156842,0.0775925,-0.378788,-0.193234,-0.0910563,0.900494,0.131098,-0.00372378,0.00439311,0.210654,0.710807,0.0141401,0.670953
1756950839217,186,0,-0,0,-0.106738,-0.235439,0.018042,0.965842,0.0905137,0.0206464,-0.0462592,0.797398,0.0152175,-0.601663,0.0440927,0.140884,0.0155696,0.0773767,-0.379278,-0.191529,-0.0905254,0.900708,0.130854,-0.00356538,0.00385726,0.212519,0.707476,0.0127059,0.673921
1756950839250,187,0,-0,0,-0.10737,-0.235926,0.0179011,0.965655,0.0907794,0.0206114,-0.0462174,0.797343,0.0148995,-0.601593,0.0459341,0.140875,0.0154195,0.0773727,-0.380303,-0.190213,-0.0918237,0.900421,0.130654,-0.00369412,0.00361893,0.210712,0.709839,0.0113761,0.672012
1756950839283,188,0,-0,0,-0.108167,-0.236564,0.0177047,0.965415,0.0911344,0.020453,-0.0462534,0.798965,0.0139695,-0.599287,0.0483162,0.140888,0.0152367,0.0773164,-0.381323,-0.187961,-0.0932002,0.900323,0.130419,-0.00375763,0.00343918,0.207659,0.709249,0.00947731,0.673626
1756950839317,189,0,-0,0,-0.110876,-0.238765,0.017516,0.964567,0.0916186,0.0198633,-0.046523,0.800861,0.0105574,-0.596502,0.0517356,0.140805,0.0151743,0.0773413,-0.38188,-0.183372,-0.0946388,0.900878,0.130268,-0.00386277,0.00384885,0.198833,0.706696,0.00650726,0.678958
1756950839350,190,0,-0,0,-0.111826,-0.240493,0.0178636,0.964025,0.0921081,0.0190269,-0.0471961,0.801109,0.00561874,-0.596271,0.0522108,0.140879,0.015395,0.0770479,-0.381635,-0.181294,-0.0910924,0.901779,0.130219,-0.00366725,0.00408239,0.192002,0.703134,0.00554891,0.684674
1756950839383,191,0,-0,0,-0.111282,-0.242649,0.0180169,0.963543,0.0926086,0.0189011,-0.0472784,0.80336,0.00482737,-0.593325,0.0508245,0.140762,0.0154551,0.0771617,-0.378889,-0.17811,-0.0899556,0.903678,0.130293,-0.00331718,0.00452479,0.185921,0.701218,0.0075761,0.688257
1756950839416,192,0,-0,0,-0.111912,-0.243841,0.0178666,0.963171,0.0930985,0.0186598,-0.0474465,0.805432,0.00350613,-0.590825,0.046834,0.140876,0.015655,0.0768211,-0.375909,-0.175623,-0.0856868,0.905819,0.130245,-0.00282654,0.00449529,0.186845,0.697322,0.00912569,0.691917
1756950839450,193,0,-0,0,-0.113211,-0.246391,0.0194922,0.962336,0.0933512,0.0187778,-0.0472197,0.806778,0.00361209,-0.58898,0.0462725,0.140789,0.0163058,0.0766792,-0.377799,-0.170923,-0.083247,0.906152,0.1302,-0.0022122,0.00500739,0.182283,0.696478,0.0104776,0.69392
1756950839483,194,0,-0,0,-0.11301,-0.248715,0.0199961,0.961753,0.0935202,0.0187977,-0.046841,0.806387,0.00329001,-0.589281,0.0495541,0.140996,0.0162291,0.0759456,-0.373018,-0.160569,-0.0803878,0.910279,0.130156,-0.00191896,0.00546014,0.189614,0.694558,0.0118225,0.693884
1756950839516,195,0,-0,0,-0.114179,-0.250749,0.0195824,0.961097,0.0939979,0.0190117,-0.0466072,0.808413,0.00450739,-0.586585,0.0490344,0.141163,0.0156486,0.0753162,-0.371105,-0.149497,-0.0821499,0.912793,0.130183,-0.00198335,0.00606992,0.190198,0.693284,0.0117257,0.695043
1756950839549,196,0,-0,0,-0.112578,-0.252392,0.0211988,0.960819,0.0941456,0.0207492,-0.0465776,0.809825,0.0140003,-0.584634,0.0465811,0.141173,0.0153925,0.0749714,-0.365673,-0.143654,-0.082687,0.915863,0.130074,-0.00135181,0.00625967,0.196715,0.689615,0.0136968,0.696797
1756950839582,197,0,-0,0,-0.112963,-0.253244,0.0211597,0.960553,0.0943231,0.0215759,-0.0465286,0.810444,0.0186821,-0.583888,0.0440381,0.141365,0.0144928,0.0742731,-0.362323,-0.13285,-0.0871117,0.918417,0.129954,-0.00112873,0.00635839,0.202263,0.687405,0.0142771,0.697421
1756950839616,198,0,-0,0,-0.114739,-0.252452,0.0213333,0.960545,0.0944237,0.0217098,-0.0466384,0.809782,0.019353,-0.584271,0.0499594,0.141971,0.013456,0.0724585,-0.36303,-0.11135,-0.0929955,0.920413,0.129871,-0.000585377,0.0060726,0.207176,0.688387,0.0164718,0.694925
1756950839649,199,0,-0,0,-0.115667,-0.254552,0.021938,0.959865,0.0947401,0.0219044,-0.0462476,0.811999,0.0201246,-0.580782,0.0540438,0.14213,0.01324,0.0714262,-0.362482,-0.0972855,-0.092808,0.922239,0.129808,0.000460752,0.00662252,0.21437,0.685799,0.0218389,0.695141
1756950839682,200,0,-0,0,-0.116612,-0.256683,0.0207921,0.959208,0.0951632,0.02248,-0.0458682,0.81398,0.0235711,-0.57851,0.0466182,0.142146,0.0131369,0.0710164,-0.359563,-0.0873177,-0.0914768,0.924509,0.129708,0.00066136,0.00718522,0.223184,0.6835,0.0239831,0.694553
1756950839715,201,0,-0,0,-0.119078,-0.257338,0.0190515,0.958769,0.0955591,0.021969,-0.0456434,0.814532,0.0209559,-0.577835,0.0473088,0.142841,0.0132407,0.0684536,-0.363915,-0.0623287,-0.083834,0.925558,0.12961,0.000649729,0.00737234,0.229227,0.685017,0.0253858,0.691084
1756950839749,202,0,-0,0,-0.119165,-0.259165,0.0203223,0.95824,0.0960964,0.0219792,-0.0451617,0.816147,0.0202674,-0.575331,0.0501723,0.143533,0.0140113,0.0643353,-0.367875,-0.0218462,-0.0704301,0.926949,0.129672,0.000918686,0.00790208,0.227845,0.684723,0.0263632,0.691794
1756950839782,203,0,-0,0,-0.12085,-0.259853,0.0200141,0.957847,0.0966179,0.0212907,-0.0449602,0.817848,0.0162308,-0.572712,0.0534729,0.14417,0.0143888,0.0586592,-0.371177,0.0337244,-0.0561019,0.926252,0.129757,0.000756302,0.00821137,0.229056,0.682396,0.0248708,0.693719
1756950839815,204,0,-0,0,-0.122461,-0.257921,0.0195835,0.958177,0.0971711,0.020192,-0.045253,0.819434,0.0103048,-0.571037,0.0490563,0.144072,0.0152399,0.0457227,-0.376696,0.156501,-0.0245669,0.912698,0.130126,0.0003089,0.00804662,0.226856,0.684212,0.0230902,0.692771
1756950839848,205,0,-0,0,-0.122617,-0.258377,0.0199648,0.958024,0.0973877,0.0202258,-0.0451525,0.821105,0.0104038,-0.568627,0.0486169,0.141725,0.0146441,0.0354597,-0.371089,0.274259,-0.0136138,0.887071,0.130198,0.000321275,0.00822306,0.224751,0.685207,0.0233246,0.692429
1756950839881,206,0,-0,0,-0.122385,-0.263264,0.020143,0.956717,0.0975778,0.0206787,-0.0445317,0.824347,0.0127622,-0.56391,0.0477834,0.138785,0.014953,0.0299037,-0.341635,0.36288,-0.00857373,0.866906,0.130112,0.000431703,0.00951165,0.231266,0.681085,0.0245853,0.69428
1756950839915,207,0,-0,0,-0.122271,-0.264693,0.019296,0.956356,0.0976532,0.0205337,-0.0443068,0.824071,0.0119488,-0.564009,0.0516419,0.135679,0.0147313,0.0245171,-0.290702,0.451341,-0.00847327,0.843632,0.129883,-0.00018115,0.00967402,0.234022,0.676821,0.020125,0.697676
1756950839948,208,0,-0,0,-0.121957,-0.266272,0.0190728,0.955963,0.0979826,0.0198824,-0.0440162,0.823864,0.00791063,-0.563743,0.0583669,0.131849,0.0139325,0.0204639,-0.25226,0.521901,-0.0126237,0.814763,0.12958,-0.000375763,0.00979824,0.238199,0.67276,0.0174964,0.70027
1756950839981,209,0,-0,0,-0.121834,-0.268993,0.0193573,0.955207,0.0983386,0.019625,-0.043538,0.825775,0.0060015,-0.560082,0.0657631,0.128876,0.0135332,0.0186231,-0.226765,0.564918,-0.0165556,0.793187,0.129473,-0.000125565,0.0104665,0.235791,0.670161,0.0185144,0.703492
1756950840014,210,0,-0,0,-0.123169,-0.273243,0.0199416,0.953819,0.0988754,0.0194865,-0.0428154,0.829194,0.0045077,-0.553604,0.0770677,0.124181,0.0132479,0.0161037,-0.208895,0.618077,-0.0184636,0.75763,0.128999,8.35385e-05,0.0111917,0.234224,0.664667,0.0163447,0.709288
1756950840048,211,0,-0,0,-0.123216,-0.272478,0.0203384,0.954022,0.0987614,0.0196039,-0.0430833,0.826739,0.0047945,-0.55604,0.0853308,0.123127,0.0126574,0.0149266,-0.229387,0.622491,-0.0181051,0.748028,0.127992,-0.000358874,0.00987926,0.231013,0.666921,0.00888522,0.708346
1756950840081,212,0,-0,0,-0.123014,-0.277529,0.0221043,0.952553,0.0990843,0.020277,-0.0422786,0.828775,0.00726403,-0.551336,0.0954632,0.122691,0.0131417,0.0157015,-0.252828,0.614524,-0.0141229,0.747157,0.1268,-0.000142332,0.0100245,0.215688,0.667978,0.0053816,0.712222
1756950840114,213,0,-0,0,-0.126047,-0.27842,0.0229998,0.951874,0.0993508,0.0201657,-0.0423397,0.830084,0.00628967,-0.54724,0.106967,0.122721,0.012991,0.0152328,-0.287807,0.60683,-0.0118614,0.740795,0.125687,-0.000710608,0.00918148,0.203905,0.67399,-0.00293038,0.710031
1756950840147,214,0,-0,0,-0.128202,-0.279883,0.0229085,0.951159,0.0991591,0.0193936,-0.0432357,0.82884,0.00281002,-0.546627,0.119184,0.122712,0.0129506,0.0152211,-0.305111,0.59891,-0.0088475,0.740356,0.12516,-0.00124405,0.00911752,0.198593,0.675878,-0.00807045,0.7097
1756950840180,215,0,-0,0,-0.128523,-0.284744,0.0240679,0.949645,0.0993829,0.0187098,-0.0425839,0.827892,-0.00233235,-0.544686,0.133909,0.122529,0.0133916,0.0160606,-0.31455,0.58919,-0.00531485,0.744249,0.124696,-0.00111507,0.00998424,0.196937,0.671921,-0.0098589,0.713908
1756950840214,216,0,-0,0,-0.131107,-0.288874,0.0252606,0.948008,0.0995022,0.0171133,-0.0423046,0.82549,-0.0121131,-0.541793,0.157604,0.122094,0.0138591,0.0157575,-0.327423,0.583427,0.00114065,0.743217,0.123865,-0.00106845,0.0103472,0.185843,0.668532,-0.0144571,0.719917
1756950840247,217,0,-0,0,-0.131008,-0.289412,0.0255508,0.947853,0.099627,0.0167068,-0.0421695,0.824576,-0.0147747,-0.540596,0.166176,0.121888,0.0139059,0.0154775,-0.333214,0.57986,0.0050503,0.743442,0.123344,-0.00121745,0.0099922,0.184179,0.67099,-0.0165901,0.718037
1756950840280,218,0,-0,0,-0.130332,-0.293279,0.027149,0.946712,0.100001,0.0162103,-0.041409,0.824395,-0.0191044,-0.536711,0.178742,0.121384,0.0144474,0.0158522,-0.341345,0.574012,0.0105587,0.744232,0.122852,-0.00120724,0.0105341,0.178441,0.669705,-0.0185807,0.72063
1756950840313,219,0,-0,0,-0.132278,-0.292864,0.0269388,0.946576,0.100004,0.0158374,-0.0415363,0.823614,-0.0209118,-0.535579,0.18539,0.121122,0.0140475,0.0152965,-0.352414,0.567727,0.0143167,0.743827,0.122549,-0.00178521,0.0101975,0.174834,0.669171,-0.0240415,0.721843
1756950840346,220,0,-0,0,-0.132927,-0.29312,0.0278249,0.946382,0.0999358,0.0160276,-0.0417484,0.823431,-0.0197079,-0.534806,0.188606,0.120808,0.0141381,0.0149272,-0.358174,0.566141,0.0174467,0.74223,0.122362,-0.00161879,0.0100789,0.171348,0.669722,-0.0245718,0.722166
1756950840380,221,0,-0,0,-0.133561,-0.294927,0.0284918,0.945709,0.0998586,0.016156,-0.0416451,0.822017,-0.0196623,-0.535523,0.192589,0.120363,0.0142693,0.0148763,-0.357616,0.567339,0.0184139,0.741536,0.121917,-0.00141433,0.0101537,0.168831,0.671566,-0.0246815,0.721015
1756950840413,222,0,-0,0,-0.134315,-0.294286,0.0283515,0.945808,0.0998194,0.0159596,-0.0417871,0.820593,-0.0206826,-0.535683,0.198116,0.120104,0.0142019,0.014383,-0.360958,0.565787,0.0220366,0.741023,0.121711,-0.00128855,0.00980584,0.165614,0.671012,-0.0248824,0.72229
1756950840446,223,0,-0,0,-0.134473,-0.293398,0.0285206,0.946057,0.0997586,0.0159798,-0.0421895,0.820913,-0.0197292,-0.535362,0.197791,0.12005,0.0141965,0.01404,-0.364087,0.564651,0.0242812,0.740296,0.121672,-0.00118708,0.00952538,0.161608,0.671133,-0.0246081,0.723102
1756950840479,224,0,-0,0,-0.135393,-0.294104,0.0286454,0.945703,0.0996697,0.0155834,-0.042303,0.819127,-0.0220726,-0.537249,0.199855,0.120012,0.0142469,0.0141717,-0.366396,0.56375,0.0242294,0.739853,0.121703,-0.00122472,0.00975966,0.16721,0.670429,-0.025665,0.722454
1756950840513,225,0,-0,0,-0.135917,-0.291794,0.0283155,0.946353,0.0993775,0.0150803,-0.0428622,0.815836,-0.0241806,-0.539867,0.205897,0.119914,0.0141103,0.0133906,-0.36669,0.564394,0.0270135,0.739112,0.121602,-0.00161284,0.00907685,0.169693,0.670767,-0.0289864,0.721426
1756950840546,226,0,-0,0,-0.1358,-0.292036,0.0286289,0.946284,0.0993009,0.015167,-0.0427781,0.813509,-0.0245255,-0.541455,0.21076,0.119554,0.0143071,0.0130717,-0.36505,0.567556,0.029008,0.737408,0.121468,-0.0015769,0.00901252,0.168238,0.668093,-0.0299382,0.724185
1756950840579,227,0,-0,0,-0.135892,-0.292262,0.0287222,0.9462,0.0994117,0.0153315,-0.0427789,0.814601,-0.0233365,-0.539386,0.212076,0.119215,0.0142441,0.0127937,-0.366139,0.566918,0.031515,0.737279,0.12133,-0.00153437,0.00894725,0.167577,0.666909,-0.0304162,0.725435
1756950840612,228,0,-0,0,-0.135174,-0.290736,0.0281889,0.946785,0.0993097,0.0155181,-0.0432871,0.816013,-0.0208281,-0.539195,0.207151,0.119043,0.0141216,0.0122237,-0.367248,0.566169,0.0355547,0.737074,0.121309,-0.00168839,0.00852717,0.167608,0.668134,-0.0305891,0.724242
1756950840645,229,0,-0,0,-0.135093,-0.291141,0.0280048,0.946682,0.0988603,0.0152354,-0.0436421,0.813209,-0.0220953,-0.543463,0.207103,0.118908,0.0141602,0.0121969,-0.364033,0.568402,0.0352621,0.737015,0.121191,-0.00187488,0.00853921,0.16689,0.66704,-0.031966,0.725411
1756950840679,230,0,-0,0,-0.135864,-0.291481,0.027733,0.94647,0.0986337,0.0148344,-0.0438015,0.811315,-0.0239669,-0.54464,0.210971,0.118876,0.0141413,0.0122431,-0.358059,0.570081,0.0333334,0.738679,0.121197,-0.00187828,0.0086609,0.168482,0.666613,-0.0321724,0.725369
1756950840712,231,0,-0,0,-0.135785,-0.28971,0.0290189,0.946986,0.098409,0.0150035,-0.0440552,0.807609,-0.0238041,-0.547531,0.217626,0.118616,0.0143434,0.0114963,-0.359662,0.571526,0.0366199,0.736626,0.121118,-0.00164498,0.00807605,0.167818,0.66699,-0.0327011,0.725153
1756950840745,232,0,-0,0,-0.136485,-0.288791,0.0277608,0.947207,0.0986612,0.0151386,-0.0441395,0.808637,-0.0228468,-0.548118,0.212495,0.118731,0.0140394,0.0113531,-0.360068,0.574632,0.0347117,0.734131,0.12093,-0.00222011,0.00773672,0.167085,0.668,-0.03574,0.724282
1756950840778,233,0,-0,0,-0.137361,-0.289018,0.0266495,0.947041,0.0989039,0.0151232,-0.0441663,0.812427,-0.0218864,-0.545735,0.204045,0.118937,0.0139744,0.0115731,-0.360484,0.571927,0.0350011,0.736008,0.120974,-0.00255477,0.00789691,0.166927,0.669085,-0.0365568,0.723259
1756950840811,234,0,-0,0,-0.137714,-0.287862,0.0258833,0.947365,0.0987981,0.0149217,-0.0444132,0.81148,-0.0224736,-0.546969,0.204515,0.119276,0.0139404,0.0115584,-0.359665,0.575079,0.0326598,0.734073,0.121162,-0.00273668,0.00778575,0.168787,0.672385,-0.0360939,0.719799
1756950840845,235,0,-0,0,-0.138871,-0.286285,0.0239078,0.947722,0.0987621,0.014431,-0.0446691,0.81047,-0.0244658,-0.549318,0.201818,0.11947,0.0134364,0.0113235,-0.359228,0.576638,0.0308849,0.733103,0.121294,-0.00322089,0.00758168,0.169114,0.67098,-0.0378101,0.720904
1756950840878,236,0,-0,0,-0.137721,-0.286413,0.0253771,0.947817,0.0988951,0.0150663,-0.0444322,0.812109,-0.021907,-0.54888,0.196799,0.119791,0.0137548,0.0116903,-0.352221,0.583376,0.0244733,0.731446,0.121433,-0.00258128,0.00764102,0.15646,0.677011,-0.0321936,0.718429
1756950840911,237,0,-0,0,-0.136341,-0.284142,0.024408,0.948723,0.0989632,0.0158352,-0.0445874,0.81641,-0.0170026,-0.550194,0.174498,0.120626,0.0133502,0.011993,-0.344858,0.587124,0.0166841,0.732162,0.122679,-0.00252063,0.00812501,0.144294,0.690623,-0.0235593,0.708267
1756950840944,238,0,-0,0,-0.137099,-0.283279,0.0237374,0.948891,0.0989016,0.0172824,-0.0444659,0.82123,-0.00858735,-0.549625,0.15308,0.121962,0.0131936,0.0132233,-0.340298,0.5821,0.00786321,0.738449,0.124738,-0.00293506,0.00984983,0.130795,0.693399,-0.0199725,0.708312
1756950840977,239,0,-0,0,-0.137328,-0.284112,0.0254002,0.948569,0.0985888,0.0205869,-0.0439838,0.824122,0.00885031,-0.547887,0.143602,0.122832,0.0134655,0.0143293,-0.349585,0.567205,0.00703175,0.745698,0.126335,-0.00324215,0.0116467,0.12043,0.689742,-0.0207946,0.713705
1756950841011,240,0,-0,0,-0.134795,-0.284976,0.027385,0.948617,0.0981431,0.0254338,-0.0434707,0.828168,0.0353828,-0.544526,0.128163,0.125131,0.0140604,0.01696,-0.348509,0.545253,-0.000213531,0.762414,0.131156,-0.00550804,0.0174558,0.101249,0.640608,-0.0334492,0.760452
1756950841044,241,0,-0,0,-0.133344,-0.28261,0.0282027,0.949502,0.0983194,0.0288215,-0.0432295,0.83092,0.0539356,-0.541564,0.115554,0.128111,0.014475,0.0195226,-0.354081,0.506044,-0.00207019,0.786467,0.135174,-0.0073931,0.0223915,0.0965432,0.595676,-0.0431383,0.796227
1756950841077,242,0,-0,0,-0.134441,-0.282714,0.0270428,0.949353,0.0987331,0.031942,-0.0427265,0.83569,0.0717138,-0.536272,0.0944894,0.131696,0.0151472,0.0241982,-0.374736,0.438728,6.43599e-05,0.816767,0.137716,-0.00866896,0.0268621,0.0993077,0.563776,-0.0478501,0.818549
1756950841110,243,0,-0,0,-0.134845,-0.282474,0.0292868,0.949297,0.0984685,0.0352761,-0.0426896,0.837991,0.09012,-0.532231,0.0796948,0.135677,0.0162531,0.0312808,-0.40527,0.340336,-0.00105981,0.848478,0.140522,-0.00938319,0.0324018,0.0969467,0.518819,-0.0529276,0.847712
1756950841144,244,0,-0,0,-0.139984,-0.280061,0.0296237,0.949259,0.0973584,0.037594,-0.0434436,0.837097,0.104397,-0.532098,0.0724217,0.140011,0.0188295,0.0419318,-0.424286,0.206301,-0.00378488,0.881707,0.143182,-0.011489,0.038918,0.0846793,0.455942,-0.0696816,0.883228
1756950841177,245,0,-0,0,-0.142751,-0.277185,0.0298625,0.949681,0.0966576,0.0393396,-0.044292,0.83462,0.114738,-0.5352,0.0613932,0.141881,0.0202142,0.0501443,-0.438019,0.110192,-0.0126775,0.892091,0.144731,-0.0124332,0.0429177,0.0734202,0.40926,-0.0786335,0.906049
1756950841210,246,0,-0,0,-0.140981,-0.275014,0.0327564,0.950486,0.0956723,0.0422231,-0.044769,0.83248,0.130464,-0.536549,0.0460456,0.142059,0.0224844,0.0616861,-0.448269,-0.0149524,-0.0265659,0.893386,0.146121,-0.0125615,0.0470343,0.0567436,0.365666,-0.0836924,0.925242
1756950841243,247,0,-0,0,-0.136591,-0.271195,0.0371475,0.952062,0.0941011,0.0449915,-0.0459646,0.828822,0.145168,-0.539667,0.0280632,0.141285,0.0236571,0.0680598,-0.446328,-0.0847999,-0.0387824,0.890005,0.147425,-0.0123128,0.050174,0.0413244,0.324109,-0.0866899,0.941136
1756950841277,248,0,-0,0,-0.136564,-0.269986,0.0394127,0.952313,0.0924649,0.0473596,-0.0472866,0.823394,0.15741,-0.545155,0.00389957,0.140026,0.0246919,0.0728594,-0.44387,-0.136847,-0.0466806,0.884343,0.147951,-0.0133854,0.0548659,0.0208778,0.267187,-0.100141,0.958198
1756950841310,249,0,-0,0,-0.135711,-0.267243,0.0430078,0.953056,0.0905628,0.0503596,-0.0484464,0.814517,0.172167,-0.553612,-0.021261,0.139049,0.0258082,0.0757798,-0.436186,-0.168831,-0.0526208,0.882312,0.148375,-0.0142779,0.0611886,-0.00597248,0.185448,-0.114636,0.975927
1756950841343,250,0,-0,0,-0.135605,-0.263882,0.0450922,0.953912,0.0882338,0.0548177,-0.0492922,0.802559,0.193387,-0.560945,-0.0623341,0.138095,0.0257497,0.0784068,-0.427498,-0.196804,-0.0640739,0.880012,0.147335,-0.0174165,0.0702694,-0.011045,0.0813717,-0.140122,0.986724
1756950841376,251,0,-0,0,-0.1368,-0.261015,0.047407,0.954416,0.0861289,0.058347,-0.0500623,0.792303,0.20877,-0.565564,-0.0939048,0.137191,0.0259774,0.0803668,-0.419729,-0.22204,-0.0710726,0.877199,0.145648,-0.0189507,0.077572,-0.0183729,-0.00717877,-0.156383,0.9875
1756950841409,252,0,-0,0,-0.139068,-0.254518,0.0519391,0.955605,0.079935,0.0682715,-0.0494983,0.761587,0.258114,-0.576386,-0.145343,0.135603,0.0249579,0.0832535,-0.404879,-0.256272,-0.0949826,0.872565,0.142138,-0.0214983,0.0861071,-0.0100155,-0.119436,-0.180067,0.976325
1756950841443,253,0,-0,0,-0.133087,-0.249035,0.0546886,0.957745,0.0764136,0.0739623,-0.0478979,0.741738,0.28695,-0.580782,-0.173622,0.134686,0.0242423,0.0847448,-0.390543,-0.27849,-0.104159,0.871241,0.139534,-0.0234933,0.0906489,2.83639e-05,-0.184539,-0.192382,0.963811
1756950841476,254,0,-0,0,-0.130928,-0.244993,0.0585068,0.958859,0.0735668,0.0773405,-0.0474622,0.727192,0.303169,-0.586157,-0.188844,0.13453,0.0245777,0.0847095,-0.386948,-0.286282,-0.106258,0.870063,0.137943,-0.02376,0.0931471,0.00395496,-0.224712,-0.197052,0.954283
1756950841509,255,0,-0,0,-0.137267,-0.232643,0.0580882,0.961071,0.0708685,0.0802969,-0.0467685,0.715718,0.3245,-0.588424,-0.190167,0.133946,0.0246206,0.0851239,-0.38424,-0.301198,-0.120568,0.864343,0.135225,-0.0243881,0.096846,0.00233393,-0.272746,-0.205975,0.939773
1756950841542,256,0,-0,0,-0.133333,-0.229883,0.0603001,0.962151,0.0686571,0.0831887,-0.0454952,0.70376,0.340201,-0.590254,-0.201303,0.133571,0.0239885,0.0854548,-0.376325,-0.306482,-0.12704,0.865036,0.134571,-0.0246582,0.0974474,0.00757928,-0.285736,-0.207112,0.935625
1756950841576,257,0,-0,0,-0.131827,-0.228965,0.0614842,0.962507,0.0678412,0.084333,-0.0449416,0.698958,0.346132,-0.590856,-0.206343,0.133184,0.0238219,0.0858629,-0.37219,-0.310905,-0.130284,0.864784,0.134277,-0.0250364,0.0974873,0.00848398,-0.287886,-0.210443,0.934221
1756950841609,258,0,-0,0,-0.131075,-0.226439,0.0620452,0.963171,0.0666639,0.0853955,-0.0445764,0.691585,0.352966,-0.594345,-0.209583,0.133305,0.0238782,0.0855794,-0.370171,-0.312688,-0.129862,0.865073,0.134629,-0.025138,0.0969161,0.0133755,-0.286072,-0.209507,0.934932
1756950841642,259,0,-0,0,-0.131273,-0.227059,0.0621754,0.962988,0.0664097,0.0860215,-0.0442107,0.689283,0.354981,-0.593568,-0.215784,0.132983,0.0240465,0.0859924,-0.368749,-0.31605,-0.129812,0.864458,0.134353,-0.0251619,0.0972245,0.0132442,-0.288339,-0.210208,0.934077
1756950841675,260,0,-0,0,-0.131612,-0.226612,0.0623666,0.963036,0.0661323,0.086052,-0.0443053,0.689163,0.356246,-0.594159,-0.212461,0.133007,0.0240984,0.0859171,-0.368903,-0.316185,-0.129901,0.864332,0.134433,-0.0250795,0.0971324,0.0109603,-0.290183,-0.21059,0.93345
1756950841708,261,0,-0,0,-0.132553,-0.227593,0.0616164,0.962724,0.0661264,0.0856752,-0.0443408,0.691039,0.357134,-0.594323,-0.204301,0.132836,0.0239928,0.0862041,-0.369677,-0.317109,-0.130951,0.863508,0.134198,-0.025095,0.0974825,0.0134017,-0.292696,-0.209546,0.93287
1756950841742,262,0,-0,0,-0.133818,-0.230718,0.0612721,0.961824,0.0665265,0.0852961,-0.0441331,0.693697,0.356789,-0.593097,-0.199228,0.132444,0.024263,0.0868176,-0.367174,-0.315648,-0.130603,0.865149,0.133599,-0.0248815,0.0983773,0.0158647,-0.29806,-0.207867,0.931502
1756950841775,263,0,-0,0,-0.134163,-0.230868,0.0609855,0.961759,0.0669477,0.0852593,-0.044184,0.695425,0.354694,-0.591137,-0.202764,0.132983,0.0243343,0.0861698,-0.370031,-0.30785,-0.128747,0.86702,0.133692,-0.0248987,0.0982712,0.0157823,-0.296733,-0.207784,0.931946
1756950841808,264,0,-0,0,-0.135683,-0.231521,0.0603916,0.961425,0.0674668,0.0846617,-0.0446737,0.697349,0.349444,-0.591111,-0.205319,0.13404,0.0245329,0.0848269,-0.372119,-0.293342,-0.122986,0.871978,0.134438,-0.0247176,0.0974366,0.0133322,-0.279878,-0.207389,0.937271
1756950841841,265,0,-0,0,-0.136868,-0.234032,0.0591644,0.960726,0.0686295,0.0830229,-0.0452129,0.704959,0.34214,-0.589847,-0.195023,0.135863,0.0246101,0.0823695,-0.377442,-0.262076,-0.114533,0.880755,0.134394,-0.024648,0.0976402,0.0117125,-0.274771,-0.206853,0.938921
1756950841874,266,0,-0,0,-0.143536,-0.2366,0.0516056,0.959559,0.071369,0.0800844,-0.0462959,0.718449,0.325698,-0.584808,-0.189058,0.13878,0.0229521,0.0779754,-0.38456,-0.205967,-0.108905,0.893212,0.134027,-0.0257799,0.0979878,0.00695637,-0.271338,-0.210888,0.93907
1756950841908,267,0,-0,0,-0.146521,-0.236756,0.0502521,0.959143,0.0725322,0.0777814,-0.0478323,0.727923,0.314069,-0.584455,-0.172983,0.142244,0.0221345,0.0703907,-0.387344,-0.127129,-0.0950394,0.908171,0.135056,-0.0252007,0.0970153,0.00725946,-0.257326,-0.206008,0.944084
1756950841941,268,0,-0,0,-0.140432,-0.253023,0.0485341,0.955984,0.0754799,0.0750982,-0.0473869,0.743836,0.297724,-0.575903,-0.162594,0.143055,0.0184886,0.0639832,-0.378731,-0.0373109,-0.0907266,0.920296,0.134885,-0.0256834,0.0970062,0.0113993,-0.240592,-0.203791,0.948925
1756950841974,269,0,-0,0,-0.143389,-0.260687,0.0368945,0.954005,0.080357,0.068457,-0.046924,0.772052,0.271671,-0.562906,-0.115423,0.143355,0.0131701,0.0558422,-0.370054,0.0711343,-0.0964239,0.921256,0.135905,-0.0273962,0.0949652,0.00778007,-0.192419,-0.204865,0.959661
1756950842007,270,0,-0,0,-0.145831,-0.26388,0.028256,0.95305,0.0851039,0.0587476,-0.0474697,0.797643,0.226577,-0.556418,-0.0533661,0.142558,0.0100038,0.0466164,-0.351906,0.181591,-0.0918472,0.913649,0.138339,-0.0273816,0.0910593,-9.589e-05,-0.133488,-0.197011,0.971272
1756950842041,271,0,-0,0,-0.146496,-0.278529,0.0173828,0.94903,0.0907385,0.0498351,-0.0441323,0.822679,0.181934,-0.538583,0.00397315,0.139689,0.00788873,0.0424093,-0.333482,0.26717,-0.087877,0.899825,0.138317,-0.0274897,0.0901468,0.00719857,-0.084142,-0.18479,0.979143
1756950842074,272,0,-0,0,-0.146836,-0.290274,0.00833221,0.945577,0.0943589,0.0419888,-0.0412629,0.83771,0.139321,-0.526036,0.0463794,0.137007,0.00617702,0.0400083,-0.308818,0.326218,-0.0867204,0.889214,0.137576,-0.0284721,0.0897034,0.00900529,-0.0466504,-0.182486,0.982061
1756950842107,273,0,-0,0,-0.145237,-0.301252,0.00353999,0.94241,0.0965135,0.0348903,-0.0380957,0.846276,0.098036,-0.515948,0.0892971,0.132612,0.00573342,0.0344364,-0.266547,0.421671,-0.0790442,0.863069,0.138813,-0.0266828,0.0851301,0.0158904,0.0351243,-0.162356,0.985978
1756950842140,274,0,-0,0,-0.143192,-0.311893,3.56004e-06,0.939267,0.0975246,0.0295063,-0.0350265,0.850918,0.0654621,-0.51,0.107618,0.129414,0.00655136,0.032773,-0.234598,0.469796,-0.0683209,0.848292,0.138927,-0.0248627,0.082584,0.0270249,0.0873001,-0.14242,0.985579
1756950842173,275,0,-0,0,-0.145175,-0.321876,-0.0032226,0.935581,0.0983845,0.0250524,-0.0320466,0.855231,0.0375179,-0.503201,0.11821,0.125829,0.00657106,0.031095,-0.222304,0.512095,-0.0643158,0.82717,0.138445,-0.0230078,0.0811703,0.0367799,0.128511,-0.125731,0.983018
1756950842207,276,0,-0,0,-0.14479,-0.323095,-0.00300897,0.935225,0.0982875,0.0230855,-0.0313515,0.855043,0.0252302,-0.503913,0.119983,0.124025,0.00661793,0.0291288,-0.223221,0.537539,-0.0614413,0.810851,0.139276,-0.0207826,0.0778198,0.0432998,0.168029,-0.108461,0.978841
1756950842240,277,0,-0,0,-0.146327,-0.322544,-0.0055897,0.935159,0.0985343,0.0215954,-0.031102,0.855174,0.0168179,-0.50356,0.121736,0.123282,0.00516919,0.0281187,-0.217225,0.548215,-0.0683768,0.804734,0.139575,-0.0204595,0.0760427,0.052223,0.186575,-0.101617,0.975775
1756950842273,278,0,-0,0,-0.146859,-0.321925,-0.00573004,0.935288,0.0988818,0.0208103,-0.0311077,0.855555,0.012034,-0.502829,0.12266,0.123308,0.00498433,0.0279026,-0.212846,0.548803,-0.0697479,0.805387,0.139749,-0.0203538,0.07495,0.0567916,0.199229,-0.0996785,0.973215
1756950842306,279,0,-0,0,-0.147451,-0.320635,-0.00576365,0.935637,0.0989765,0.0194704,-0.0313177,0.854542,0.00399444,-0.503571,0.127087,0.123318,0.00475331,0.0274479,-0.214291,0.550305,-0.0707502,0.803887,0.139993,-0.0202544,0.0740327,0.0588983,0.205971,-0.0985889,0.971796
1756950842340,280,0,-0,0,-0.147178,-0.320419,-0.00622904,0.935757,0.0993876,0.0187013,-0.0313258,0.856544,-7.51683e-05,-0.500443,0.126305,0.123309,0.00457142,0.0273484,-0.214865,0.552376,-0.0714096,0.802277,0.140026,-0.0203785,0.0737272,0.0639371,0.208841,-0.0973019,0.970996
1756950842373,281,0,-0,0,-0.147994,-0.320286,-0.00660047,0.935666,0.0995396,0.0176093,-0.0312282,0.855331,-0.00695597,-0.501335,0.130477,0.123318,0.00442033,0.0273141,-0.214419,0.553827,-0.0728549,0.801244,0.140018,-0.0204034,0.0737427,0.0631851,0.208874,-0.0977457,0.970992
1756950842406,282,0,-0,0,-0.148887,-0.319685,-0.00694912,0.935726,0.0999261,0.016639,-0.0313414,0.854986,-0.0126813,-0.501315,0.132283,0.123373,0.00437177,0.0271375,-0.222339,0.551087,-0.0714732,0.801091,0.140088,-0.0204057,0.0736321,0.0613016,0.207786,-0.0983945,0.97128
1756950842439,283,0,-0,0,-0.150048,-0.319302,-0.00764085,0.935669,0.100748,0.016221,-0.0314052,0.858374,-0.0142146,-0.496941,0.126732,0.123468,0.00433599,0.0270566,-0.221572,0.551733,-0.0715589,0.800866,0.140119,-0.0204109,0.0736061,0.0621562,0.207673,-0.0980429,0.971286
1756950842472,284,0,-0,0,-0.151385,-0.317948,-0.00794753,0.935905,0.101117,0.0156715,-0.0316715,0.859478,-0.0167318,-0.495524,0.124117,0.123606,0.00444003,0.0266988,-0.225177,0.551582,-0.0699693,0.800073,0.140288,-0.0204413,0.0732292,0.0611913,0.206279,-0.0989128,0.971554
1756950842506,285,0,-0,0,-0.152222,-0.318341,-0.00733562,0.935648,0.101093,0.0153896,-0.0316396,0.859245,-0.0186704,-0.495661,0.125269,0.123649,0.00520944,0.0267236,-0.229717,0.553056,-0.0657783,0.798151,0.140253,-0.0202106,0.0732752,0.0580008,0.204553,-0.0995489,0.972052
1756950842539,286,0,-0,0,-0.153737,-0.324236,-0.00657602,0.933376,0.101299,0.0151403,-0.0305292,0.860959,-0.0216447,-0.491372,0.129709,0.123385,0.00586864,0.0283042,-0.236781,0.547759,-0.0655301,0.799747,0.139402,-0.0195911,0.0748716,0.0483986,0.193903,-0.100844,0.974622
1756950842572,287,0,-0,0,-0.154187,-0.330802,-0.00511375,0.931004,0.101531,0.0140167,-0.0292656,0.861514,-0.0306179,-0.486505,0.141983,0.123079,0.00703774,0.0300796,-0.249421,0.541508,-0.0621102,0.800434,0.138687,-0.018167,0.0754286,0.043844,0.192495,-0.0955452,0.975651
1756950842605,288,0,-0,0,-0.152873,-0.333278,-0.00515541,0.930331,0.103227,0.0119963,-0.0288043,0.860602,-0.0435099,-0.486096,0.145246,0.123825,0.00758715,0.0313021,-0.248621,0.539885,-0.0621632,0.801748,0.138504,-0.0177471,0.0734415,0.0443233,0.21071,-0.0923641,0.972163
1756950842638,289,0,-0,0,-0.153926,-0.337667,-0.00656051,0.928563,0.103521,0.0111883,-0.0276258,0.85969,-0.0499943,-0.485498,0.15043,0.123491,0.00837266,0.0322392,-0.26097,0.53215,-0.0549039,0.80352,0.137832,-0.0176285,0.0726038,0.0373178,0.21914,-0.0933375,0.970499
1756950842671,290,0,-0,0,-0.153555,-0.33955,-0.00693881,0.927945,0.103783,0.0110633,-0.0272369,0.860455,-0.0507012,-0.486222,0.143726,0.123397,0.00872005,0.0327181,-0.268196,0.532432,-0.0530818,0.801113,0.13769,-0.0166663,0.0702461,0.0349938,0.233855,-0.087223,0.967719
1756950842705,291,0,-0,0,-0.152218,-0.340662,-0.00717184,0.927754,0.10409,0.0119362,-0.0271213,0.863172,-0.0444348,-0.486094,0.129118,0.123196,0.00932751,0.0326699,-0.278142,0.528809,-0.0454995,0.800579,0.137606,-0.0148459,0.0662991,0.0292114,0.258515,-0.0754714,0.962611
1756950842738,292,0,-0,0,-0.151466,-0.341359,-0.00734998,0.927618,0.104264,0.0129561,-0.0270157,0.864838,-0.0375825,-0.487037,0.11584,0.123243,0.00972595,0.0329431,-0.292838,0.527917,-0.0427775,0.796058,0.137161,-0.0139437,0.062259,0.0260877,0.286185,-0.0697367,0.955276
1756950842771,293,0,-0,0,-0.149976,-0.33858,-0.00811069,0.928875,0.104651,0.0141058,-0.0274032,0.866438,-0.0285483,-0.489372,0.0948902,0.123634,0.0100156,0.0324726,-0.310699,0.520392,-0.0351377,0.794629,0.136485,-0.0129999,0.0552903,0.028084,0.332865,-0.0615302,0.940547
1756950842804,294,0,-0,0,-0.1496,-0.33749,-0.00821564,0.929327,0.104951,0.0143307,-0.0274288,0.86722,-0.0263885,-0.489646,0.0863606,0.123883,0.0104874,0.0323977,-0.324437,0.516064,-0.0303848,0.792138,0.134924,-0.0115876,0.0485292,0.0339972,0.390646,-0.0517206,0.918456
1756950842837,295,0,-0,0,-0.148355,-0.337798,-0.00785412,0.929424,0.105565,0.0145129,-0.0268953,0.869416,-0.025211,-0.486794,0.0810115,0.123965,0.0108256,0.0325776,-0.334299,0.510363,-0.026629,0.791894,0.131819,-0.00880365,0.0402856,0.0601288,0.470511,-0.0323938,0.879755
1756950842871,296,0,-0,0,-0.147904,-0.33719,-0.00782793,0.92971,0.106196,0.0138487,-0.0264033,0.871443,-0.0291272,-0.482803,0.0812693,0.124102,0.0109486,0.0325066,-0.342765,0.506854,-0.0243902,0.790566,0.129345,-0.00754644,0.035117,0.0885307,0.527457,-0.022981,0.844635
1756950842904,297,0,-0,0,-0.147578,-0.338152,-0.00727874,0.929423,0.106853,0.0132487,-0.0257274,0.874037,-0.0324104,-0.478686,0.0768592,0.124083,0.0112064,0.032746,-0.353061,0.497762,-0.0204286,0.791951,0.125559,-0.00539756,0.0293228,0.125337,0.596391,-0.00858588,0.792816
1756950842937,298,0,-0,0,-0.148626,-0.335888,-0.00735125,0.930074,0.106909,0.012955,-0.026239,0.874494,-0.0332371,-0.478145,0.0744942,0.124217,0.011173,0.0320129,-0.352558,0.497137,-0.0179764,0.792619,0.124312,-0.00560613,0.026878,0.142321,0.62001,-0.00993822,0.77152
1756950842970,299,0,-0,0,-0.14885,-0.334172,-0.00756374,0.930655,0.106854,0.012782,-0.0265556,0.873107,-0.0344553,-0.479959,0.0784108,0.124058,0.010916,0.0310934,-0.347359,0.499727,-0.0158888,0.793328,0.123663,-0.00617611,0.0255134,0.144436,0.627762,-0.0144071,0.764758
1756950843003,300,0,-0,0,-0.149775,-0.333882,-0.0075758,0.930607,0.106824,0.012924,-0.0266722,0.87114,-0.0347821,-0.481966,0.087132,0.123613,0.0105272,0.0303779,-0.344113,0.504709,-0.016517,0.791561,0.123277,-0.00622935,0.024965,0.142183,0.630476,-0.0161035,0.762895
1756950843037,301,0,-0,0,-0.150214,-0.332661,-0.00780539,0.930977,0.106786,0.0126676,-0.026838,0.870306,-0.0372837,-0.48095,0.0995514,0.1233,0.0101954,0.0295469,-0.337515,0.509689,-0.0162331,0.791243,0.123146,-0.00641716,0.0244389,0.142335,0.637747,-0.0166442,0.75682
1756950843070,302,0,-0,0,-0.151507,-0.32982,-0.00900958,0.931762,0.106645,0.0121161,-0.0276816,0.868821,-0.0395144,-0.48281,0.102265,0.123302,0.00961839,0.0286177,-0.32729,0.516411,-0.0184117,0.791105,0.12308,-0.00684965,0.0235665,0.141746,0.644147,-0.0185059,0.751413
1756950843103,303,0,-0,0,-0.152496,-0.329547,-0.00916731,0.931697,0.106441,0.0116937,-0.0279961,0.866227,-0.0425873,-0.485455,0.110327,0.123164,0.00940901,0.0283542,-0.315065,0.517323,-0.0195973,0.795442,0.123035,-0.0071045,0.0234778,0.140211,0.64895,-0.0198741,0.747537
1756950843136,304,0,-0,0,-0.152962,-0.328678,-0.0105428,0.931912,0.106494,0.0113982,-0.0282692,0.866693,-0.0431196,-0.485248,0.107212,0.123072,0.00869517,0.0280368,-0.311301,0.519673,-0.022447,0.795308,0.122921,-0.00768025,0.0231806,0.139121,0.649547,-0.0226808,0.747129
1756950843170,305,0,-0,0,-0.152871,-0.327286,-0.0105936,0.932417,0.106284,0.0112901,-0.0285386,0.863309,-0.0447202,-0.489265,0.115361,0.122868,0.00837131,0.0273535,-0.305822,0.523104,-0.0228835,0.795177,0.122845,-0.00809854,0.0226833,0.136343,0.653567,-0.0251542,0.744056
1756950843203,306,0,-0,0,-0.153385,-0.32616,-0.0108976,0.932727,0.106234,0.0109654,-0.0290023,0.863075,-0.0458795,-0.489471,0.11597,0.12284,0.00825554,0.0269442,-0.302758,0.526217,-0.0232414,0.794301,0.122557,-0.0083742,0.0220437,0.13452,0.654606,-0.027775,0.743405
1756950843236,307,0,-0,0,-0.154417,-0.325217,-0.0114696,0.932877,0.106229,0.0104231,-0.0291501,0.86126,-0.0493713,-0.490603,0.122941,0.122715,0.00794256,0.0265072,-0.29906,0.529911,-0.0248457,0.793188,0.122377,-0.00879078,0.0216382,0.140809,0.65801,-0.0301531,0.739118
1756950843269,308,0,-0,0,-0.154388,-0.32379,-0.0116543,0.933376,0.106185,0.00993168,-0.0295533,0.860497,-0.0514831,-0.492107,0.121413,0.122685,0.00784253,0.0260095,-0.298718,0.531099,-0.0236937,0.792559,0.122438,-0.00905238,0.021297,0.139503,0.661835,-0.0310675,0.735909
1756950843302,309,0,-0,0,-0.154543,-0.322634,-0.0114839,0.933752,0.106197,0.00974087,-0.0297265,0.860169,-0.0526838,-0.491408,0.125946,0.122266,0.00769062,0.0251443,-0.292058,0.536993,-0.0233404,0.791076,0.122342,-0.00914847,0.0208418,0.139434,0.661646,-0.032517,0.736026
1756950843336,310,0,-0,0,-0.155379,-0.322118,-0.0121936,0.93378,0.10601,0.00924829,-0.0299812,0.858272,-0.0554891,-0.493059,0.130988,0.122095,0.00770794,0.0247513,-0.292334,0.537918,-0.0210397,0.790397,0.122014,-0.0093868,0.0203935,0.139115,0.663628,-0.0343288,0.734197
1756950843369,311,0,-0,0,-0.155979,-0.321769,-0.0123573,0.933804,0.10569,0.00935332,-0.0304961,0.857072,-0.0544013,-0.495292,0.131179,0.122085,0.00762307,0.0246283,-0.292546,0.538508,-0.0214435,0.789936,0.122015,-0.00939354,0.0203117,0.139028,0.668194,-0.0337377,0.730134
1756950843402,312,0,-0,0,-0.156103,-0.321514,-0.0121142,0.933874,0.105488,0.00950331,-0.0306228,0.854745,-0.0542329,-0.498473,0.134302,0.122056,0.00761598,0.0245135,-0.290419,0.539405,-0.0219381,0.790091,0.121979,-0.0091559,0.020165,0.140576,0.670636,-0.0322187,0.727657
1756950843435,313,0,-0,0,-0.156159,-0.321379,-0.0121447,0.933911,0.10559,0.00957965,-0.0306114,0.855709,-0.0536105,-0.49683,0.134513,0.122089,0.00752932,0.0245235,-0.290048,0.541342,-0.0234157,0.788861,0.121851,-0.0088764,0.0199572,0.142532,0.669655,-0.0309546,0.728237
1756950843469,314,0,-0,0,-0.156021,-0.321089,-0.012106,0.934024,0.105704,0.0096986,-0.0305877,0.856358,-0.0528313,-0.495815,0.133947,0.122085,0.00755074,0.0244285,-0.285869,0.542064,-0.0235649,0.789835,0.121796,-0.00861588,0.0197835,0.144798,0.671592,-0.0290335,0.726001
1756950843502,315,0,-0,0,-0.156212,-0.32077,-0.0120362,0.934106,0.105559,0.0103415,-0.0310128,0.856208,-0.0486458,-0.497442,0.130616,0.122038,0.00754345,0.0242677,-0.289204,0.539855,-0.0219505,0.7902,0.12178,-0.00868433,0.019678,0.149118,0.671393,-0.0296365,0.72532
1756950843535,316,0,-0,0,-0.156364,-0.320271,-0.0117376,0.934259,0.105294,0.0106485,-0.0312901,0.853786,-0.0474954,-0.500553,0.135079,0.122024,0.00754244,0.0240892,-0.285381,0.54147,-0.0227283,0.790478,0.121711,-0.00863155,0.0194401,0.145109,0.670926,-0.0302952,0.72656
1756950843568,317,0,-0,0,-0.156565,-0.319302,-0.0114768,0.934562,0.105306,0.0107124,-0.0315711,0.854942,-0.0464326,-0.499221,0.133139,0.122144,0.00756407,0.0239109,-0.285017,0.54385,-0.0235966,0.788958,0.121647,-0.00856728,0.0190705,0.144642,0.673638,-0.0301805,0.724159
1756950843601,318,0,-0,0,-0.156316,-0.318727,-0.0113783,0.934797,0.105124,0.0108615,-0.03188,0.854324,-0.0452101,-0.50092,0.130916,0.122211,0.00761116,0.0238015,-0.280152,0.546366,-0.0244097,0.788915,0.121673,-0.00855342,0.0189172,0.144698,0.674057,-0.0300345,0.723729
1756950843635,319,0,-0,0,-0.156146,-0.318037,-0.0110846,0.935064,0.105,0.0109936,-0.0321243,0.853911,-0.0444069,-0.501109,0.133186,0.122224,0.00773125,0.023577,-0.279658,0.547852,-0.023633,0.788088,0.12161,-0.00851618,0.0186254,0.149156,0.673376,-0.0303699,0.72345
1756950843668,320,0,-0,0,-0.156244,-0.316541,-0.0110568,0.935558,0.104695,0.010962,-0.0325156,0.850702,-0.044969,-0.505391,0.137372,0.122267,0.00769539,0.0231513,-0.281375,0.547839,-0.0223301,0.787532,0.121692,-0.00857623,0.0182753,0.146602,0.67687,-0.0303143,0.720724
1756950843701,321,0,-0,0,-0.156136,-0.315276,-0.0110351,0.936005,0.104664,0.0109912,-0.0329006,0.851725,-0.0437864,-0.505067,0.132606,0.122403,0.00765665,0.0229117,-0.283465,0.548243,-0.0219602,0.78652,0.12177,-0.00858754,0.0179802,0.14433,0.675782,-0.0306984,0.7222
1756950843734,322,0,-0,0,-0.156323,-0.314929,-0.0108015,0.936089,0.104546,0.0109422,-0.0330371,0.850878,-0.0441496,-0.506087,0.133831,0.122585,0.0077466,0.0229965,-0.285262,0.545779,-0.0215206,0.787575,0.121929,-0.00864504,0.0180505,0.144231,0.673684,-0.0314804,0.724111
1756950843768,323,0,-0,0,-0.156158,-0.314002,-0.0104418,0.936434,0.10435,0.0110276,-0.0333365,0.849214,-0.0436994,-0.509243,0.132657,0.122648,0.007818,0.0227639,-0.285349,0.545825,-0.0207255,0.787542,0.122021,-0.00869154,0.0178594,0.141604,0.676747,-0.0315124,0.721781
1756950843801,324,0,-0,0,-0.155592,-0.314151,-0.0105857,0.936474,0.104438,0.0111784,-0.0333378,0.850818,-0.0423048,-0.507515,0.129278,0.122687,0.00784926,0.0228597,-0.289273,0.546404,-0.0202506,0.785705,0.122057,-0.0087259,0.0179345,0.136242,0.678403,-0.0309662,0.72126
1756950843834,325,0,-0,0,-0.156094,-0.315926,-0.0113448,0.935786,0.104436,0.0115628,-0.0331268,0.851523,-0.0400237,-0.507152,0.126846,0.122844,0.00770952,0.0236251,-0.296253,0.542707,-0.0217977,0.785633,0.122136,-0.00886195,0.0186,0.133527,0.675929,-0.0312356,0.724087
1756950843867,326,0,-0,0,-0.155724,-0.316628,-0.0118438,0.935601,0.10425,0.0119363,-0.033096,0.85066,-0.0380322,-0.508726,0.126788,0.123055,0.00773378,0.0241019,-0.299099,0.541943,-0.0226223,0.785044,0.122756,-0.00881127,0.0194912,0.128718,0.670283,-0.0295957,0.730227
1756950843901,327,0,-0,0,-0.154115,-0.315975,-0.0116387,0.936087,0.103985,0.0128344,-0.0333437,0.850255,-0.0325788,-0.511253,0.120517,0.12403,0.00818828,0.0250288,-0.314455,0.528437,-0.0190003,0.788321,0.12412,-0.0089585,0.0207992,0.119845,0.663252,-0.0281481,0.738145
1756950843934,328,0,-0,0,-0.155238,-0.315039,-0.0121709,0.936215,0.104085,0.0135847,-0.0334884,0.852224,-0.0273581,-0.510304,0.111911,0.125112,0.0083691,0.0260475,-0.323976,0.515634,-0.0194881,0.792946,0.125169,-0.0098851,0.0219076,0.117229,0.66089,-0.0322026,0.740553
1756950843967,329,0,-0,0,-0.154641,-0.312675,-0.00993901,0.937131,0.104147,0.0161803,-0.0340658,0.854535,-0.0121229,-0.509342,0.10068,0.126876,0.00885446,0.0275919,-0.337283,0.491425,-0.0207045,0.802672,0.127571,-0.010608,0.0241897,0.115502,0.645924,-0.035949,0.753728
1756950844000,330,0,-0,0,-0.155092,-0.311437,-0.00890658,0.937484,0.103433,0.0195125,-0.0346511,0.855648,0.00743297,-0.508915,0.0939824,0.12819,0.00932392,0.0291165,-0.344397,0.469661,-0.0210213,0.812635,0.129351,-0.0103594,0.0261681,0.115875,0.634794,-0.0331036,0.763233
1756950844033,331,0,-0,0,-0.155532,-0.309181,-0.00554829,0.938188,0.103022,0.024405,-0.0362371,0.857727,0.0361616,-0.507324,0.075493,0.130866,0.00934855,0.0327011,-0.355819,0.424267,-0.0318331,0.832113,0.131991,-0.0115254,0.0295417,0.123933,0.618199,-0.0390448,0.775241
1756950844067,332,0,-0,0,-0.152872,-0.306049,-0.00165398,0.939657,0.102219,0.0293513,-0.0376574,0.856884,0.0643498,-0.50883,0.0514463,0.132507,0.0104262,0.0344569,-0.362744,0.39018,-0.0283414,0.845785,0.133787,-0.0116525,0.0313806,0.134624,0.601166,-0.0386785,0.786732
1756950844100,333,0,-0,0,-0.15145,-0.29936,0.00367652,0.942037,0.100266,0.0346939,-0.0400558,0.849988,0.094102,-0.517456,0.0300146,0.136511,0.0119925,0.0407946,-0.381923,0.295496,-0.0311683,0.875125,0.138249,-0.0144609,0.0379755,0.132971,0.527511,-0.058686,0.837022
1756950844133,334,0,-0,0,-0.155686,-0.294961,0.00582919,0.942719,0.0988819,0.0390399,-0.041609,0.844716,0.118232,-0.521925,0.00312265,0.138957,0.0141954,0.0463811,-0.388027,0.223493,-0.03184,0.893564,0.141495,-0.016489,0.0461785,0.119998,0.445722,-0.0759351,0.883826
1756950844166,335,0,-0,0,-0.154197,-0.291723,0.011549,0.943918,0.096969,0.043276,-0.0429944,0.838611,0.139935,-0.52593,-0.0222296,0.140297,0.0161546,0.0514839,-0.390216,0.163832,-0.0363371,0.905295,0.143521,-0.0173978,0.0535516,0.107825,0.373917,-0.0874664,0.917006
1756950844200,336,0,-0,0,-0.152757,-0.289508,0.0145834,0.944794,0.0954436,0.0459662,-0.0440652,0.83217,0.153201,-0.531129,-0.0436308,0.140859,0.0173269,0.0545227,-0.392968,0.126103,-0.0375694,0.910087,0.144504,-0.0179612,0.059804,0.0957503,0.31057,-0.0951471,0.940916
1756950844233,337,0,-0,0,-0.154204,-0.283739,0.0195354,0.94622,0.0921688,0.0502999,-0.0462971,0.817346,0.174748,-0.544772,-0.0681597,0.141289,0.019408,0.0637915,-0.402364,0.019779,-0.0519748,0.91379,0.144244,-0.0198501,0.074065,0.0549424,0.162717,-0.123928,0.977316
1756950844266,338,0,-0,0,-0.156484,-0.272313,0.0233248,0.949109,0.090339,0.0528859,-0.0485205,0.806459,0.184849,-0.553362,-0.0959005,0.141909,0.0204655,0.0665397,-0.406585,-0.0351593,-0.0569531,0.911152,0.14404,-0.0206388,0.0795862,0.0294432,0.0883885,-0.141731,0.985511
1756950844299,339,0,-0,0,-0.157048,-0.259667,0.0282932,0.952422,0.0863042,0.0598934,-0.0500789,0.780565,0.214645,-0.566939,-0.152378,0.140918,0.0210527,0.0731892,-0.415794,-0.131141,-0.0766484,0.896683,0.140942,-0.0220322,0.0897349,-0.00496923,-0.0516632,-0.169279,0.984201
1756950844332,340,0,-0,0,-0.156448,-0.239295,0.0322528,0.957714,0.0820796,0.0647119,-0.0524441,0.752443,0.232907,-0.585851,-0.190541,0.141374,0.020657,0.0739977,-0.41645,-0.179914,-0.0888878,0.886726,0.139583,-0.0234382,0.0929473,-0.0160382,-0.14313,-0.185045,0.972117
1756950844365,341,0,-0,0,-0.160554,-0.225194,0.0323901,0.960451,0.0790439,0.0688212,-0.0525784,0.735644,0.254465,-0.593046,-0.206016,0.140551,0.0207423,0.0761856,-0.416197,-0.219712,-0.104801,0.876096,0.137249,-0.0239425,0.0965153,-0.0245363,-0.208372,-0.194138,0.958278
1756950844398,342,0,-0,0,-0.159833,-0.223017,0.0347117,0.960996,0.0774473,0.0710778,-0.0521409,0.726512,0.265034,-0.595962,-0.216303,0.139611,0.0212435,0.0776939,-0.414053,-0.239202,-0.109423,0.871422,0.13631,-0.0238185,0.0976396,-0.0241876,-0.23395,-0.1954,0.952105
1756950844431,343,0,-0,0,-0.157912,-0.221674,0.0367878,0.961545,0.0760857,0.0735058,-0.0511056,0.717506,0.277117,-0.597156,-0.227539,0.138629,0.0218322,0.0791704,-0.407424,-0.256823,-0.111413,0.869268,0.135099,-0.0238757,0.0989913,-0.0187921,-0.255251,-0.195963,0.94662
1756950844465,344,0,-0,0,-0.15545,-0.222977,0.0363248,0.961661,0.0758663,0.0741196,-0.0502857,0.716523,0.282149,-0.596125,-0.227076,0.138111,0.0215356,0.0801018,-0.401939,-0.260859,-0.113922,0.870287,0.134466,-0.0243889,0.0996383,-0.0163567,-0.260532,-0.197466,0.94491
1756950844498,345,0,-0,0,-0.151273,-0.229169,0.0380376,0.960809,0.0751491,0.0757521,-0.048487,0.715339,0.294122,-0.593177,-0.223489,0.136699,0.0216345,0.0823372,-0.395109,-0.270287,-0.117679,0.870054,0.133786,-0.0243498,0.100543,-0.00511036,-0.254881,-0.194434,0.94721
1756950844531,346,0,-0,0,-0.119741,-0.243181,0.047726,0.961378,0.0730907,0.0812395,-0.0424442,0.70845,0.326174,-0.580877,-0.233041,0.134157,0.0218802,0.0863769,-0.358381,-0.279117,-0.112828,0.883703,0.133612,-0.0253458,0.100538,0.0319291,-0.243018,-0.183527,0.951968
1756950844564,347,0,-0,0,-0.0735665,-0.253368,0.0572915,0.962866,0.069734,0.087367,-0.0344167,0.696782,0.369124,-0.567033,-0.238152,0.132388,0.0201458,0.0895024,-0.311798,-0.282679,-0.106605,0.900838,0.134868,-0.0277537,0.0982988,0.0797058,-0.220215,-0.169731,0.957258
1756950844597,348,0,-0,0,-0.0164751,-0.262025,0.0685756,0.962484,0.0654112,0.0942224,-0.0241854,0.673703,0.415594,-0.549337,-0.267795,0.130849,0.017426,0.0923103,-0.255635,-0.284932,-0.0982529,0.9186,0.136368,-0.0308678,0.0951531,0.140562,-0.19684,-0.153626,0.958072
1756950844630,349,0,-0,0,0.049073,-0.270737,0.0818517,0.95791,0.0594435,0.100308,-0.0116667,0.643318,0.469989,-0.528744,-0.292683,0.129269,0.0142316,0.0950748,-0.189798,-0.28529,-0.0861121,0.935504,0.138666,-0.0332517,0.0907426,0.20339,-0.165274,-0.13273,0.955875
1756950844664,350,0,-0,0,0.153788,-0.285478,0.102115,0.940436,0.0495236,0.105838,0.00784826,0.587929,0.544677,-0.49896,-0.329652,0.127686,0.00908039,0.0978203,-0.0889796,-0.282526,-0.0564767,0.953451,0.141896,-0.0353256,0.0842344,0.296384,-0.130584,-0.0974971,0.94106
1756950844697,351,0,-0,0,0.234446,-0.285378,0.117678,0.92182,0.0409751,0.107096,0.0236876,0.537707,0.602932,-0.471199,-0.354041,0.127395,0.00509207,0.0985477,-0.0052969,-0.276592,-0.0346166,0.960351,0.145738,-0.0348177,0.0771395,0.375718,-0.0898285,-0.0612484,0.920337
1756950844730,352,0,-0,0,0.335499,-0.280175,0.141441,0.888221,0.0291702,0.104616,0.0435545,0.469819,0.674163,-0.430531,-0.373389,0.127555,0.001728,0.0985034,0.0993416,-0.265562,0.000613865,0.958962,0.150257,-0.030936,0.0691867,0.461375,-0.0451307,-0.013743,0.88595
1756950844763,353,0,-0,0,0.385722,-0.2768,0.15366,0.866598,0.0231319,0.101305,0.053257,0.436942,0.709946,-0.405913,-0.374574,0.12756,1.36057e-05,0.0985222,0.151468,-0.261239,0.0179162,0.953149,0.152265,-0.0276841,0.0657421,0.497973,-0.0191153,0.0143975,0.866865
1756950844796,354,0,-0,0,0.453695,-0.272605,0.169901,0.83125,0.0149278,0.0946329,0.066805,0.381018,0.754018,-0.370725,-0.385792,0.127435,-0.00252915,0.0986258,0.224062,-0.251889,0.0432395,0.940467,0.154236,-0.0232392,0.0624838,0.555439,0.00705188,0.0545765,0.829732
1756950844829,355,0,-0,0,0.529059,-0.263983,0.192122,0.783246,0.00528653,0.0843324,0.0809174,0.308701,0.798486,-0.331278,-0.396662,0.127217,-0.00460186,0.0988132,0.30914,-0.243668,0.073838,0.916296,0.155947,-0.0160424,0.060126,0.615304,0.0340761,0.102598,0.780826
1756950844863,356,0,-0,0,0.575393,-0.258936,0.203964,0.748524,-0.000351468,0.0758617,0.0893875,0.261083,0.823392,-0.302207,-0.403175,0.127226,-0.00670213,0.0986128,0.360624,-0.237056,0.0895392,0.897631,0.156493,-0.0115765,0.0594445,0.65002,0.0495802,0.133337,0.746493
1756950844896,357,0,-0,0,0.61865,-0.256005,0.213261,0.711532,-0.00530475,0.066126,0.0965227,0.218282,0.847821,-0.269662,-0.401075,0.127058,-0.00984479,0.0985042,0.413049,-0.231671,0.102512,0.874768,0.156543,-0.0083725,0.059569,0.684086,0.06334,0.163815,0.707958
1756950844929,358,0,-0,0,0.635945,-0.255239,0.217861,0.694933,-0.00754943,0.0614864,0.0994011,0.201855,0.858999,-0.251995,-0.397295,0.126891,-0.0110498,0.0985221,0.435243,-0.225572,0.110248,0.86459,0.156339,-0.00691008,0.0601653,0.697772,0.0676001,0.177478,0.690663
1756950844962,359,0,-0,0,0.651069,-0.255974,0.216508,0.680948,-0.00841863,0.0572724,0.101817,0.188285,0.865614,-0.236694,-0.399022,0.127138,-0.0134624,0.0978529,0.452182,-0.222816,0.110591,0.856532,0.15633,-0.00684957,0.0598969,0.708764,0.0700418,0.184581,0.677245
1756950844996,360,0,-0,0,0.656171,-0.256272,0.216606,0.675895,-0.00877156,0.055876,0.102545,0.184022,0.867859,-0.231676,-0.399088,0.127316,-0.0139388,0.0974454,0.457885,-0.218519,0.111975,0.854429,0.156216,-0.0063854,0.0600249,0.711524,0.0728288,0.190167,0.672499
1756950845029,361,0,-0,0,0.662215,-0.256297,0.215606,0.670285,-0.00894756,0.0542335,0.103411,0.178144,0.869584,-0.226513,-0.400958,0.127494,-0.014729,0.0970684,0.466055,-0.217222,0.113468,0.850134,0.156111,-0.00565049,0.059978,0.714568,0.0785693,0.198934,0.666058
1756950845062,362,0,-0,0,0.66685,-0.258485,0.210189,0.66657,-0.00761298,0.0535901,0.103844,0.187693,0.868561,-0.217775,-0.403666,0.127678,-0.0160603,0.0966043,0.474915,-0.213596,0.118562,0.845443,0.1557,-0.00487249,0.0602962,0.713864,0.0872862,0.216232,0.660319
1756950845095,363,0,-0,0,0.671842,-0.261691,0.202133,0.662759,-0.00390784,0.054606,0.103588,0.214603,0.859856,-0.210014,-0.412854,0.127965,-0.0170292,0.0958908,0.477072,-0.204469,0.129386,0.844889,0.154984,-0.00419333,0.0611065,0.713961,0.0995948,0.24458,0.648446
1756950845128,364,0,-0,0,0.67471,-0.262699,0.190174,0.663003,0.00236172,0.057737,0.101336,0.268801,0.844639,-0.202641,-0.416233,0.128969,-0.0151859,0.0940428,0.463465,-0.179696,0.154683,0.853801,0.153469,-0.000461698,0.0616305,0.699384,0.132494,0.296068,0.636894
1756950845161,365,0,-0,0,0.676884,-0.267016,0.172347,0.663911,0.00891694,0.0594749,0.0990273,0.320171,0.828514,-0.194037,-0.416359,0.129784,-0.0153417,0.0917418,0.457877,-0.153407,0.177847,0.857419,0.152283,5.40819e-06,0.0606496,0.68562,0.156924,0.329242,0.62996
1756950845195,366,0,-0,0,0.67741,-0.274214,0.163223,0.662802,0.0140161,0.0601936,0.0973445,0.371239,0.815802,-0.180569,-0.405055,0.128026,-0.00960482,0.0915128,0.434512,-0.111421,0.242207,0.860308,0.147539,0.00492588,0.0644378,0.654248,0.189754,0.401735,0.612036
1756950845228,367,0,-0,0,0.678001,-0.278909,0.143989,0.664683,0.0242019,0.0625904,0.091776,0.446309,0.781201,-0.185206,-0.395276,0.125465,-0.00213339,0.0884101,0.393504,-0.0410696,0.327636,0.857978,0.141051,0.00996195,0.0665949,0.605668,0.222226,0.476439,0.597326
1756950845261,368,0,-0,0,0.676813,-0.285713,0.130256,0.66586,0.0304972,0.0628128,0.0882294,0.490612,0.757659,-0.188913,-0.386793,0.123015,-5.81807e-05,0.0871525,0.370998,-0.0101832,0.369134,0.852064,0.136825,0.011084,0.0675121,0.579709,0.240221,0.51516,0.583887
1756950845294,369,0,-0,0,0.679005,-0.292462,0.122363,0.662216,0.0349219,0.0625438,0.0843624,0.528674,0.736996,-0.195948,-0.372865,0.117293,0.00536965,0.08642,0.339237,0.0378898,0.443183,0.828921,0.128184,0.0158093,0.0700355,0.533078,0.281483,0.588466,0.538875
1756950845327,370,0,-0,0,0.680832,-0.296006,0.111594,0.660574,0.0396315,0.0618657,0.0812125,0.550276,0.716763,-0.206361,-0.37527,0.113963,0.00728352,0.0848594,0.322691,0.0787092,0.488448,0.806892,0.121923,0.0184564,0.0695011,0.500663,0.321688,0.634619,0.493029
1756950845360,371,0,-0,0,0.680238,-0.300515,0.105153,0.660211,0.043657,0.061766,0.0795702,0.565239,0.701713,-0.215845,-0.376142,0.111126,0.00839997,0.0842099,0.307904,0.102968,0.517279,0.791831,0.117554,0.0200649,0.0685437,0.465215,0.355104,0.663644,0.465856
1756950845393,372,0,-0,0,0.68187,-0.29993,0.102292,0.659221,0.0458672,0.0614221,0.0777684,0.56974,0.692598,-0.225489,-0.380528,0.107599,0.0113539,0.0829611,0.293079,0.138605,0.556612,0.764876,0.111976,0.0230577,0.0677513,0.416304,0.389944,0.699229,0.430878
1756950845426,373,0,-0,0,0.681851,-0.298336,0.0973515,0.660744,0.048595,0.0611501,0.0761374,0.571534,0.683206,-0.236053,-0.388385,0.104023,0.0144132,0.0806032,0.265118,0.172976,0.590319,0.742498,0.107397,0.0252051,0.0661578,0.376141,0.419049,0.723007,0.400202
1756950845459,374,0,-0,0,0.680695,-0.297286,0.0976534,0.662355,0.0488284,0.0616257,0.0753522,0.570059,0.681083,-0.240676,-0.39142,0.102455,0.0160819,0.0797385,0.251432,0.188208,0.603224,0.733116,0.105769,0.0263876,0.0655492,0.366947,0.426275,0.726014,0.395624
1756950845492,375,0,-0,0,0.683973,-0.290254,0.101999,0.661447,0.0478629,0.0623316,0.0752802,0.559052,0.687966,-0.24793,-0.390737,0.10134,0.018499,0.0789568,0.240935,0.191202,0.61444,0.726526,0.104696,0.0284374,0.0651755,0.361927,0.431554,0.731167,0.384899
1756950845526,376,0,-0,0,0.683663,-0.286863,0.103156,0.663072,0.0477908,0.0628382,0.0748457,0.55745,0.689153,-0.252403,-0.388075,0.100542,0.0199866,0.07819,0.23578,0.193043,0.620161,0.722866,0.104383,0.0295883,0.0642917,0.362585,0.439301,0.73024,0.37721
1756950845559,377,0,-0,0,0.680689,-0.282732,0.104142,0.667748,0.0480051,0.0639298,0.0739583,0.557827,0.687524,-0.257837,-0.38687,0.100477,0.0215368,0.0773256,0.230428,0.196637,0.621822,0.722206,0.10419,0.0311366,0.0628099,0.361879,0.450558,0.726632,0.371559
1756950845592,378,0,-0,0,0.678646,-0.282494,0.102968,0.670117,0.0487068,0.0643172,0.0734144,0.560805,0.684267,-0.260331,-0.386687,0.100297,0.0218724,0.076897,0.22851,0.196687,0.621959,0.722693,0.104259,0.0313282,0.0621145,0.358672,0.453203,0.724399,0.375806
1756950845625,379,0,-0,0,0.675669,-0.279738,0.1039,0.674097,0.0501642,0.0656705,0.0719036,0.56661,0.67662,-0.268351,-0.386148,0.100098,0.0232085,0.0760213,0.223339,0.197438,0.622061,0.723991,0.104192,0.0323639,0.0612163,0.352216,0.457701,0.722328,0.380368
1756950845658,380,0,-0,0,0.658067,-0.284303,0.0993214,0.690074,0.0527306,0.0672914,0.0686899,0.585302,0.660896,-0.279816,-0.377217,0.101005,0.0238675,0.0743793,0.206009,0.204239,0.606744,0.740047,0.105224,0.0322299,0.0593538,0.350802,0.467713,0.706815,0.398179
1756950845692,381,0,-0,0,0.637567,-0.287397,0.0969445,0.708133,0.0559871,0.0695417,0.0642755,0.609229,0.638715,-0.294229,-0.366405,0.101818,0.0253194,0.0726002,0.185096,0.21248,0.591617,0.755338,0.106218,0.0327415,0.0572942,0.343172,0.481401,0.690884,0.416058
1756950845725,382,0,-0,0,0.606048,-0.296006,0.0941231,0.732278,0.0589789,0.0720096,0.0587739,0.63685,0.612959,-0.309994,-0.350157,0.102138,0.0269805,0.0705844,0.159676,0.226872,0.572037,0.771887,0.107362,0.0328628,0.0546402,0.336672,0.499427,0.662934,0.444686
1756950845758,383,0,-0,0,0.575745,-0.305265,0.0896567,0.753193,0.0620696,0.0733691,0.0536755,0.663742,0.58701,-0.322188,-0.333273,0.103034,0.0275115,0.0689842,0.137567,0.242714,0.549874,0.78728,0.108755,0.0320305,0.0525325,0.323008,0.516134,0.638951,0.47013
1756950845791,384,0,-0,0,0.497579,-0.328658,0.0814742,0.798578,0.0687809,0.0748771,0.0421577,0.720523,0.526412,-0.34736,-0.28813,0.104854,0.0284761,0.0657709,0.0809754,0.273713,0.491573,0.82271,0.111024,0.0297484,0.0487488,0.308423,0.542762,0.571131,0.53295
1756950845825,385,0,-0,0,0.44186,-0.342873,0.078786,0.825218,0.0727868,0.0748944,0.0345181,0.75473,0.48555,-0.363336,-0.250199,0.105682,0.029552,0.0638023,0.0389973,0.290414,0.452489,0.842252,0.112227,0.0283902,0.0465054,0.287978,0.561449,0.524054,0.572004
1756950845858,386,0,-0,0,0.350753,-0.36088,0.0742315,0.86095,0.0792259,0.0729168,0.0226017,0.799192,0.417794,-0.386704,-0.192927,0.107411,0.030736,0.0600019,-0.022096,0.321799,0.386914,0.863864,0.114021,0.0259071,0.0433508,0.257431,0.586975,0.447277,0.623829
1756950845891,387,0,-0,0,0.271946,-0.375679,0.0699883,0.883183,0.0847428,0.0691326,0.0138218,0.831347,0.357878,-0.399385,-0.145873,0.108679,0.0308796,0.0572602,-0.0807931,0.340803,0.328179,0.877283,0.115234,0.0231701,0.0419376,0.228281,0.60318,0.381648,0.662124
1756950845924,388,0,-0,0,0.166106,-0.391726,0.0671851,0.902472,0.0909125,0.0621188,0.00313735,0.864331,0.276916,-0.413117,-0.0750331,0.109991,0.0312472,0.0540231,-0.153747,0.359947,0.251981,0.885053,0.116213,0.0200475,0.0409336,0.187089,0.616177,0.292511,0.706971
1756950845957,389,0,-0,0,0.11526,-0.397144,0.0666121,0.908047,0.0934861,0.0579824,-0.00153038,0.874271,0.237722,-0.421348,-0.0397612,0.110581,0.0314379,0.0522789,-0.190694,0.366972,0.216337,0.884398,0.116603,0.0187109,0.0405626,0.165627,0.621056,0.249305,0.72435
1756950845990,390,0,-0,0,0.0161758,-0.407856,0.0675709,0.910397,0.0980337,0.0494693,-0.00820496,0.889497,0.164857,-0.42548,0.023826,0.111467,0.0316888,0.049879,-0.262029,0.380959,0.143133,0.875053,0.116656,0.0168597,0.0409198,0.112877,0.620404,0.165587,0.758238
1756950846024,391,0,-0,0,-0.0647006,-0.416449,0.06977,0.904162,0.101354,0.0420138,-0.0116574,0.898467,0.106152,-0.418692,0.0784186,0.111827,0.0320608,0.0486269,-0.321909,0.384311,0.0833818,0.861228,0.116309,0.0157962,0.04214,0.0739904,0.616106,0.0975664,0.778072
1756950846057,392,0,-0,0,-0.16799,-0.424889,0.0743004,0.886414,0.104744,0.0317768,-0.0142746,0.899892,0.0304411,-0.408274,0.150293,0.112151,0.0329144,0.047327,-0.393028,0.382643,0.00689434,0.836103,0.115506,0.0154704,0.0441284,0.014292,0.60201,0.0100364,0.798301
1756950846090,393,0,-0,0,-0.208237,-0.433619,0.0822369,0.872851,0.10558,0.0287167,-0.0135164,0.898101,0.00220736,-0.399088,0.184938,0.111176,0.0350441,0.0478503,-0.423938,0.368388,-0.0182193,0.827202,0.114405,0.0169834,0.0463484,-0.0114607,0.588379,-0.0227789,0.808204
1756950846123,394,0,-0,0,-0.237419,-0.449028,0.0946153,0.856185,0.106235,0.0278535,-0.0106121,0.900714,-0.0159848,-0.377914,0.213624,0.108874,0.03889,0.049693,-0.455862,0.346674,-0.033662,0.819068,0.112363,0.0207461,0.0498294,-0.0408984,0.570355,-0.0407782,0.819364
1756950846156,395,0,-0,0,-0.250599,-0.462479,0.102151,0.844326,0.106446,0.0281093,-0.00800161,0.905382,-0.022036,-0.360065,0.223986,0.1068,0.0416331,0.0518184,-0.473297,0.330794,-0.0421656,0.815351,0.110533,0.0236738,0.0528426,-0.0640483,0.553329,-0.0467535,0.829185
1756950846190,396,0,-0,0,-0.264712,-0.490909,0.113907,0.822186,0.106015,0.0305633,-0.00223669,0.912134,-0.0250152,-0.329463,0.242694,0.102141,0.0466297,0.0569591,-0.495267,0.297442,-0.0542668,0.814447,0.106161,0.028755,0.0587633,-0.0832564,0.518363,-0.0473677,0.849793
1756950846223,397,0,-0,0,-0.271655,-0.539144,0.128847,0.786704,0.104079,0.036242,0.00783843,0.927149,-0.0155684,-0.27403,0.254996,0.0929461,0.054076,0.0658543,-0.513943,0.235566,-0.0618844,0.822511,0.0976256,0.0363256,0.0687502,-0.110867,0.464466,-0.0379232,0.877799
1756950846256,398,0,-0,0,-0.269549,-0.574392,0.13632,0.760801,0.101633,0.040857,0.0154981,0.937692,-0.00352652,-0.234138,0.256667,0.0852455,0.0585566,0.0722601,-0.522554,0.189796,-0.0640686,0.828733,0.0904156,0.0409911,0.0760024,-0.121311,0.428503,-0.0256982,0.894988
1756950846289,399,0,-0,0,-0.25515,-0.618282,0.139305,0.730208,0.0974553,0.0462092,0.0256894,0.952311,0.0179147,-0.180256,0.245504,0.0746492,0.0618673,0.0807645,-0.522491,0.133831,-0.0646649,0.839585,0.0791131,0.042611,0.0737997,-0.127115,0.527113,-0.0203569,0.839983
1756950846322,400,0,-0,0,-0.234966,-0.643071,0.138629,0.715588,0.094019,0.0492035,0.0311678,0.962177,0.0423636,-0.15423,0.220611,0.0680103,0.0625338,0.0860453,-0.514613,0.0994858,-0.0553522,0.849839,0.0730719,0.0437352,0.0757662,-0.123068,0.534676,0.00488691,0.836043
1756950846356,401,0,-0,0,-0.18109,-0.667907,0.132701,0.709537,0.0887705,0.0526787,0.0369181,0.970945,0.0873474,-0.13792,0.174808,0.0605818,0.0596747,0.0937401,-0.482783,0.0689578,-0.0290708,0.872527,0.0676331,0.0425086,0.0841999,-0.105185,0.483649,0.0623033,0.866672
1756950846389,402,0,-0,0,-0.145673,-0.68035,0.125924,0.707136,0.0856095,0.0539455,0.0396701,0.973974,0.116781,-0.132981,0.141591,0.0567422,0.0562982,0.0982507,-0.461333,0.0498696,-0.0121823,0.88574,0.0647473,0.0405208,0.0906849,-0.0830587,0.434874,0.101484,0.89089
1756950846422,403,0,-0,0,-0.0679186,-0.694681,0.107884,0.707937,0.0806225,0.0551012,0.0468036,0.974984,0.170732,-0.121099,0.074841,0.0518081,0.0469731,0.105742,-0.400075,0.028565,0.0289404,0.915581,0.0611523,0.0329891,0.0958935,-0.046807,0.426769,0.166291,0.887709
1756950846455,404,0,-0,0,0.00237964,-0.700083,0.0931574,0.707982,0.0760448,0.0556229,0.0522524,0.968626,0.219288,-0.115078,0.0216962,0.0490695,0.0378839,0.110638,-0.345422,0.0163171,0.0667651,0.93593,0.0594482,0.0258716,0.0973046,-0.0128226,0.433342,0.224201,0.87281
1756950846488,405,0,-0,0,0.106346,-0.697355,0.0725989,0.705064,0.0702498,0.0547483,0.0600815,0.950481,0.287464,-0.103461,-0.0569686,0.0476216,0.0237017,0.115074,-0.259934,0.00155439,0.126764,0.957268,0.0590879,0.0146686,0.102377,0.0544503,0.385813,0.312218,0.866431
1756950846521,406,0,-0,0,0.187278,-0.685652,0.0593638,0.70093,0.0662927,0.0532561,0.0651395,0.928542,0.338648,-0.100573,-0.114152,0.0487573,0.0131706,0.116211,-0.191277,-0.00595777,0.17816,0.965214,0.0604713,0.00764212,0.100673,0.0897311,0.399665,0.380502,0.829122
1756950846554,407,0,-0,0,0.268299,-0.66854,0.0462223,0.69205,0.0627035,0.0505505,0.0701884,0.902032,0.385963,-0.0971131,-0.167147,0.0509943,0.00280012,0.115881,-0.119186,-0.00760056,0.230665,0.965676,0.0626839,0.000568427,0.0993932,0.127034,0.397246,0.448152,0.790707
1756950846588,408,0,-0,0,0.34633,-0.645581,0.0348308,0.679764,0.05973,0.0474902,0.074549,0.869103,0.432391,-0.0929091,-0.221531,0.0545408,-0.00654908,0.114049,-0.0496103,-0.0101485,0.281913,0.958103,0.0657435,-0.00529467,0.0968652,0.160859,0.392501,0.511879,0.74703
1756950846621,409,0,-0,0,0.442634,-0.605541,0.0239469,0.660945,0.0568124,0.0434226,0.0791018,0.818924,0.489852,-0.0935818,-0.284026,0.0613091,-0.0160698,0.109525,0.0326838,-0.0101439,0.346039,0.937597,0.0714022,-0.0106961,0.0922917,0.206352,0.382861,0.587977,0.682014
1756950846654,410,0,-0,0,0.505784,-0.576552,0.01253,0.641599,0.0555589,0.0389811,0.0824392,0.782777,0.522681,-0.0877486,-0.326176,0.0661444,-0.0226662,0.105422,0.096717,-0.0118365,0.387129,0.916865,0.0752104,-0.0146378,0.0888436,0.239277,0.364775,0.633892,0.638674
1756950846687,411,0,-0,0,0.571577,-0.535657,0.000898514,0.621576,0.055518,0.0346375,0.0846495,0.737606,0.55657,-0.0886105,-0.371895,0.0732688,-0.0274911,0.0992715,0.164175,-0.00747995,0.431253,0.887135,0.0804177,-0.0166288,0.0836037,0.277015,0.352279,0.681979,0.577977
1756950846720,412,0,-0,0,0.599842,-0.513826,-0.000698541,0.61331,0.0558381,0.0334591,0.0855638,0.712851,0.573274,-0.0916012,-0.393441,0.0770452,-0.0279794,0.0960325,0.190921,-0.00320352,0.45048,0.872125,0.0828958,-0.0160291,0.0811615,0.289252,0.351079,0.703512,0.546016
1756950846753,413,0,-0,0,0.647123,-0.482912,-0.0111513,0.589867,0.0566765,0.0286942,0.087889,0.668528,0.596081,-0.0850334,-0.436538,0.0816825,-0.0309923,0.0907474,0.239646,-0.00549056,0.479187,0.844355,0.0860188,-0.0171067,0.076853,0.316999,0.338688,0.73596,0.493157
1756950846786,414,0,-0,0,0.66904,-0.463465,-0.0170892,0.580779,0.0576939,0.0269416,0.0879383,0.649206,0.603962,-0.0863664,-0.454216,0.0848518,-0.0314985,0.087406,0.265851,-0.000281619,0.493639,0.828039,0.0880123,-0.0167944,0.0741875,0.333933,0.337658,0.752264,0.456712
1756950846819,415,0,-0,0,0.686125,-0.445822,-0.0204285,0.574456,0.0592623,0.0259088,0.0875737,0.634645,0.609022,-0.0924799,-0.466592,0.0875976,-0.031064,0.0846115,0.288453,0.00299805,0.505242,0.813319,0.0896712,-0.0157555,0.0719108,0.342869,0.336086,0.762307,0.433955
1756950846852,416,0,-0,0,0.706775,-0.423765,-0.0263236,0.565899,0.0608248,0.0245125,0.0871039,0.617331,0.614749,-0.0965115,-0.481368,0.0909947,-0.0307105,0.0809512,0.317395,0.0129066,0.520396,0.792658,0.091646,-0.0143872,0.0686289,0.352525,0.337205,0.774371,0.403002
1756950846886,417,0,-0,0,0.720191,-0.398165,-0.0362021,0.566947,0.0638186,0.0245671,0.0850586,0.603538,0.614416,-0.109757,-0.496124,0.095541,-0.0290076,0.0760045,0.337297,0.0354884,0.529549,0.777506,0.0948588,-0.0124648,0.0642835,0.364603,0.343999,0.778808,0.377012
1756950846919,418,0,-0,0,0.723862,-0.382962,-0.0422834,0.572317,0.0659417,0.0251533,0.0834141,0.607181,0.609047,-0.118134,-0.496394,0.0983192,-0.0273066,0.072883,0.348443,0.0530902,0.532735,0.769378,0.0968592,-0.0108329,0.0614113,0.370652,0.352814,0.778383,0.363634
1756950846952,419,0,-0,0,0.724919,-0.372378,-0.0441222,0.577781,0.0671828,0.0264311,0.082025,0.610362,0.604338,-0.125121,-0.496516,0.100106,-0.0254317,0.0709321,0.353841,0.0675843,0.535629,0.763737,0.0981948,-0.00918698,0.059626,0.371928,0.361826,0.778055,0.354022
1756950846985,420,0,-0,0,0.722864,-0.349743,-0.0502118,0.593796,0.0695119,0.0292133,0.0789887,0.6142,0.599724,-0.14473,-0.492046,0.103865,-0.0213301,0.0664329,0.360387,0.099788,0.538429,0.755137,0.10097,-0.00528524,0.0547976,0.383142,0.386008,0.770264,0.332956
1756950847018,421,0,-0,0,0.717115,-0.336003,-0.0531767,0.608264,0.0714141,0.0318313,0.0758569,0.625989,0.591575,-0.163674,-0.480992,0.106109,-0.0180564,0.0633263,0.357943,0.124076,0.537371,0.753451,0.103012,-0.0020206,0.0505425,0.379544,0.413038,0.760609,0.326779
1756950847051,422,0,-0,0,0.709728,-0.311111,-0.0520749,0.629928,0.0734028,0.0369245,0.070867,0.637232,0.583152,-0.195319,-0.464484,0.109308,-0.0116336,0.0584529,0.351424,0.168109,0.541398,0.745084,0.105205,0.0034029,0.0458438,0.37754,0.44303,0.75136,0.310922
1756950847085,423,0,-0,0,0.70198,-0.295472,-0.0510916,0.646036,0.0743816,0.0403341,0.0668725,0.652119,0.575133,-0.218169,-0.44319,0.111141,-0.00746462,0.0552898,0.349126,0.203849,0.544924,0.734615,0.106392,0.00700521,0.0424736,0.376678,0.465404,0.742916,0.299401
1756950847118,424,0,-0,0,0.686228,-0.267772,-0.0411467,0.675042,0.0748211,0.0475487,0.0608262,0.654103,0.572535,-0.259943,-0.420439,0.113457,0.00113611,0.0506375,0.331905,0.247255,0.54698,0.727671,0.107007,0.0146811,0.0373255,0.36494,0.506811,0.728976,0.280252
1756950847151,425,0,-0,0,0.679456,-0.256106,-0.036296,0.686651,0.0747344,0.0502306,0.0584565,0.654108,0.572668,-0.276778,-0.409439,0.114094,0.00493336,0.0482267,0.322984,0.269998,0.548259,0.722663,0.107116,0.0179467,0.0348552,0.357904,0.525255,0.722124,0.27313
1756950847184,426,0,-0,0,0.650227,-0.246153,-0.0304362,0.718063,0.0754904,0.0553649,0.0520049,0.670253,0.556825,-0.309639,-0.380463,0.114907,0.0101283,0.0443537,0.294783,0.310072,0.536626,0.72727,0.107829,0.021839,0.0296849,0.352194,0.566706,0.693245,0.272283
1756950847217,427,0,-0,0,0.621628,-0.238451,-0.0223308,0.745786,0.0756828,0.0597385,0.0459351,0.681512,0.543971,-0.341784,-0.350416,0.115353,0.0147586,0.0411448,0.267503,0.339093,0.523566,0.734379,0.108548,0.0249956,0.0253988,0.338477,0.601697,0.666973,0.2802
1756950847251,428,0,-0,0,0.592122,-0.232511,-0.0147627,0.771426,0.0760464,0.0635065,0.0401218,0.691611,0.52923,-0.368178,-0.325594,0.115849,0.0185253,0.0381639,0.239156,0.364158,0.508805,0.74249,0.108788,0.0274692,0.0218168,0.329517,0.630357,0.640539,0.289407
1756950847284,429,0,-0,0,0.560036,-0.233942,-0.00992654,0.794687,0.0768553,0.0656806,0.0347785,0.70971,0.509094,-0.386403,-0.296345,0.116099,0.0204882,0.0358448,0.210118,0.382415,0.488833,0.755411,0.109138,0.0281541,0.0190536,0.318818,0.654794,0.612888,0.30653
1756950847317,430,0,-0,0,0.520369,-0.23719,-0.00456058,0.820327,0.0776664,0.0676139,0.0284687,0.725382,0.486347,-0.409183,-0.264304,0.116386,0.0222554,0.0335763,0.177243,0.405168,0.465189,0.766827,0.109428,0.0284131,0.016158,0.311948,0.680445,0.577662,0.32556
1756950847350,431,0,-0,0,0.494489,-0.24512,-0.00243339,0.833927,0.0784532,0.0677499,0.025148,0.740165,0.468789,-0.417622,-0.241007,0.116383,0.0222559,0.033199,0.155286,0.413301,0.447871,0.777525,0.109438,0.0275877,0.0153943,0.303822,0.69357,0.556549,0.342062
1756950847384,432,0,-0,0,0.454215,-0.245507,0.00797812,0.856361,0.0786661,0.0696335,0.0189682,0.751059,0.448711,-0.438614,-0.205409,0.11635,0.0250025,0.0308289,0.11677,0.435583,0.427329,0.783599,0.108972,0.0286954,0.0122533,0.283287,0.719606,0.520672,0.361695
1756950847417,433,0,-0,0,0.421623,-0.244337,0.0123249,0.873154,0.0794235,0.070319,0.013417,0.758905,0.428743,-0.454622,-0.183348,0.116653,0.026269,0.0281865,0.0863475,0.451504,0.408305,0.788674,0.109258,0.0285897,0.00938095,0.267565,0.739624,0.492398,0.372777
1756950847450,434,0,-0,0,0.386071,-0.24713,0.016276,0.888589,0.0806344,0.070075,0.00796785,0.768439,0.404851,-0.469766,-0.157603,0.116983,0.0267707,0.0262718,0.0514641,0.459345,0.385917,0.798359,0.109525,0.02772,0.0071754,0.256053,0.7562,0.460035,0.388442
1756950847483,435,0,-0,0,0.355129,-0.240685,0.0240485,0.90299,0.0807295,0.0705776,0.00166475,0.772896,0.385493,-0.486657,-0.131365,0.117218,0.0288579,0.0229981,0.0224213,0.472942,0.371004,0.798884,0.109552,0.0284044,0.00390079,0.242848,0.773711,0.43173,0.395057
1756950847516,436,0,-0,0,0.336501,-0.237634,0.0278663,0.910777,0.0811383,0.0703857,-0.00206379,0.775143,0.372164,-0.496997,-0.116662,0.117423,0.0297574,0.0212421,0.00723871,0.482205,0.361138,0.798115,0.109968,0.0282931,0.00208701,0.23536,0.782609,0.413814,0.401068
1756950847549,437,0,-0,0,0.30444,-0.242782,0.0364597,0.920357,0.0818759,0.0698436,-0.00617929,0.782927,0.352562,-0.503893,-0.0942709,0.117375,0.0308915,0.0208501,-0.0272709,0.483452,0.345075,0.804048,0.110583,0.0278072,0.00159238,0.222933,0.789507,0.385089,0.422796
1756950847583,438,0,-0,0,0.269533,-0.242038,0.0456515,0.930958,0.0821806,0.0691903,-0.0113574,0.785742,0.332898,-0.516725,-0.0689949,0.117424,0.0323519,0.0187457,-0.062719,0.490975,0.327647,0.804764,0.110833,0.027747,-0.000241833,0.202368,0.801281,0.355232,0.436787
1756950847616,439,0,-0,0,0.213341,-0.239253,0.0483189,0.945996,0.0838779,0.0654728,-0.0198367,0.791001,0.292389,-0.53623,-0.0357447,0.11842,0.0319127,0.0147605,-0.104915,0.505942,0.293034,0.804452,0.111837,0.0251862,-0.00354926,0.186477,0.814233,0.304333,0.45785
1756950847649,440,0,-0,0,0.16955,-0.246078,0.0486982,0.953063,0.0862087,0.0611088,-0.0244019,0.799163,0.256446,-0.543564,-0.0111777,0.119014,0.0306046,0.0139948,-0.136086,0.512024,0.263122,0.806279,0.112858,0.0223949,-0.00362244,0.167484,0.818242,0.267776,0.480351
1756950847682,441,0,-0,0,0.0993996,-0.252643,0.0449714,0.961389,0.0897314,0.0536243,-0.0308385,0.809841,0.202021,-0.550381,0.0208485,0.120172,0.0273443,0.0120049,-0.184395,0.522199,0.21281,0.804999,0.113936,0.0169418,-0.00448564,0.147622,0.824829,0.204091,0.506181
1756950847716,442,0,-0,0,0.0622434,-0.259254,0.0404598,0.962953,0.0919476,0.0482623,-0.0333614,0.816527,0.167851,-0.551111,0.037657,0.120827,0.0250953,0.012155,-0.206757,0.524178,0.184625,0.805245,0.114717,0.0137124,-0.00355609,0.141181,0.822891,0.171906,0.522875
1756950847749,443,0,-0,0,-0.0154394,-0.282256,0.0343232,0.958603,0.0962876,0.0378416,-0.0347792,0.830433,0.102495,-0.541674,0.0807478,0.121403,0.0207017,0.0152793,-0.255789,0.519067,0.121004,0.806553,0.115507,0.00742378,0.00109511,0.119069,0.812847,0.102752,0.560891
1756950847782,444,0,-0,0,-0.0756475,-0.298982,0.0295454,0.950793,0.0995679,0.0291553,-0.0344378,0.838671,0.0489318,-0.530055,0.11496,0.121547,0.0177446,0.018137,-0.292207,0.512578,0.0718648,0.804164,0.115774,0.00313911,0.00539948,0.0988816,0.802036,0.0493912,0.586906
1756950847815,445,0,-0,0,-0.140166,-0.329324,0.0296336,0.933286,0.103041,0.0219248,-0.0302195,0.85176,-0.000483217,-0.500757,0.154124,0.120673,0.0168226,0.0248356,-0.337594,0.490252,0.0190787,0.803321,0.115233,0.000935136,0.0135635,0.0672841,0.779642,-0.00384679,0.622595
1756950847849,446,0,-0,0,-0.159863,-0.347796,0.0360173,0.92314,0.104258,0.0213668,-0.0269415,0.859983,-0.0102632,-0.482679,0.165431,0.119656,0.0192031,0.029053,-0.358481,0.470669,0.00840075,0.806166,0.114756,0.00262732,0.0182956,0.0554893,0.767087,-0.0141487,0.639
1756950847882,447,0,-0,0,-0.186748,-0.390153,0.0619834,0.899472,0.105546,0.0245726,-0.0192605,0.877367,-0.0129181,-0.435842,0.200102,0.115777,0.0273844,0.0378798,-0.401135,0.424173,-0.00293111,0.811867,0.112574,0.00993981,0.0280176,0.0175123,0.736326,-0.0211479,0.676025
1756950847915,448,0,-0,0,-0.197672,-0.432129,0.0816723,0.876083,0.105702,0.0289011,-0.0109447,0.892186,-0.00924523,-0.392374,0.22353,0.110768,0.0344624,0.0468153,-0.426876,0.378691,-0.0099412,0.821141,0.109163,0.0163568,0.037319,-0.0110971,0.704929,-0.0183842,0.708956
1756950847948,449,0,-0,0,-0.211758,-0.473766,0.10305,0.848585,0.104947,0.0335355,-0.00273477,0.904144,-0.00724778,-0.346005,0.25056,0.104497,0.0421359,0.0550123,-0.454708,0.328762,-0.0185466,0.827541,0.104722,0.0234857,0.0464969,-0.0431092,0.6656,-0.0176201,0.744869
1756950847981,450,0,-0,0,-0.216754,-0.514493,0.119559,0.820985,0.10323,0.0383877,0.00590328,0.916009,-0.0023753,-0.297305,0.269301,0.0971985,0.0487892,0.0630379,-0.472762,0.276566,-0.0221409,0.83637,0.0990385,0.0298602,0.0550528,-0.0661011,0.627307,-0.0090914,0.775906
1756950848015,451,0,-0,0,-0.208051,-0.571093,0.13857,0.781874,0.0987171,0.0456266,0.0182672,0.931303,0.0113633,-0.228762,0.283112,0.084856,0.0563407,0.0737941,-0.484471,0.20346,-0.0185454,0.850602,0.0890326,0.0377069,0.0663377,-0.0917219,0.570905,0.0157583,0.815705
1756950848048,452,0,-0,0,-0.198539,-0.606408,0.145158,0.756153,0.0949805,0.049727,0.0261982,0.941643,0.0242785,-0.186007,0.279466,0.0762086,0.0595811,0.0804799,-0.484354,0.15371,-0.0134751,0.861154,0.0818049,0.040918,0.0733694,-0.100397,0.536483,0.0318801,0.837306
1756950848081,453,0,-0,0,-0.169224,-0.649192,0.143151,0.727631,0.0891857,0.0536865,0.0372066,0.956354,0.0479171,-0.132621,0.255991,0.064955,0.059579,0.0897385,-0.469589,0.0949969,-0.0046239,0.877752,0.0722104,0.0419169,0.0823647,-0.0995023,0.492105,0.0654325,0.862357
1756950848114,454,0,-0,0,-0.134049,-0.671609,0.136684,0.715766,0.0850634,0.0554132,0.043909,0.966665,0.0768617,-0.108408,0.218932,0.0584649,0.0567807,0.0958574,-0.44373,0.0655864,0.01015,0.893704,0.0668724,0.0398989,0.0877608,-0.0818959,0.471241,0.100336,0.872449
1756950848147,455,0,-0,0,-0.094978,-0.689322,0.125953,0.707059,0.0813415,0.0555009,0.0502811,0.974493,0.102936,-0.0883688,0.178721,0.0531548,0.0520836,0.101453,-0.409413,0.0420592,0.0272074,0.910971,0.0624542,0.0358344,0.0892302,-0.0701033,0.49152,0.128951,0.858405
1756950848181,456,0,-0,0,0.0496591,0.703187,-0.112323,-0.700331,0.0777471,0.0548439,0.0565301,0.979791,0.136554,-0.0726172,0.126915,0.0487185,0.0456714,0.10671,-0.372736,0.0225646,0.0455329,0.926547,0.0576277,0.031935,0.0836588,-0.0772937,0.620348,0.162244,0.763469
1756950848214,457,0,-0,0,-0.0228777,0.71094,-0.0918129,-0.696886,0.0736668,0.0527693,0.0635889,0.979253,0.185118,-0.0620474,0.0546234,0.0455515,0.0347225,0.112081,-0.313767,0.00379274,0.0805644,0.946071,0.0517028,0.0282503,0.0781495,-0.123503,0.732129,0.217944,0.633462
1756950848247,458,0,-0,0,-0.0825427,0.710518,-0.0759513,-0.694659,0.0710736,0.0502918,0.0682473,0.973302,0.22227,-0.056963,-0.0016839,0.0446704,0.0255887,0.114866,-0.260548,-0.00398752,0.112643,0.958858,0.0521677,0.021871,0.0829555,-0.0704442,0.683894,0.290567,0.665482
1756950848280,459,0,-0,0,-0.124569,0.706592,-0.0652528,-0.693536,0.069617,0.0483839,0.0709934,0.967338,0.245118,-0.0544332,-0.0353932,0.0450613,0.0191302,0.115941,-0.223815,-0.00957686,0.135993,0.965051,0.0530819,0.0175403,0.086898,-0.0369734,0.629755,0.33641,0.699223
1756950848314,460,0,-0,0,0.234412,-0.681962,0.0388943,0.691683,0.0674877,0.043261,0.0759154,0.941626,0.307108,-0.0606781,-0.123714,0.0498536,0.0031349,0.115565,-0.129848,-0.0103363,0.197852,0.971537,0.0584063,0.00524146,0.0913783,0.0520576,0.528237,0.432251,0.72896
1756950848347,461,0,-0,0,0.280662,-0.666206,0.027545,0.690396,0.0672608,0.0409979,0.0773563,0.926672,0.333012,-0.0644472,-0.161972,0.0532791,-0.00320022,0.113986,-0.0904798,-0.0077995,0.22393,0.970365,0.0607119,0.00149086,0.0900974,0.0699085,0.520322,0.471779,0.708385
1756950848380,462,0,-0,0,0.372924,-0.627354,0.00566704,0.683662,0.0676279,0.0363035,0.0793332,0.888781,0.383665,-0.0753575,-0.239275,0.0612274,-0.0142799,0.109028,-0.00189492,0.00429487,0.282823,0.959163,0.0663438,-0.00515711,0.0861299,0.106521,0.505568,0.548997,0.657068
1756950848413,463,0,-0,0,0.436867,-0.595067,-0.0116721,0.67446,0.0685148,0.0324352,0.0801871,0.856061,0.416758,-0.0841579,-0.29391,0.0675798,-0.0214296,0.104025,0.0641968,0.0154142,0.323414,0.943951,0.0711946,-0.00957953,0.0818524,0.140279,0.492939,0.599092,0.61515
1756950848447,464,0,-0,0,0.503814,-0.549296,-0.0356347,0.665671,0.0717502,0.0279511,0.0790895,0.816449,0.444211,-0.101056,-0.354724,0.0770886,-0.0281379,0.0955455,0.136883,0.0322618,0.359717,0.922398,0.0778603,-0.0130786,0.0747953,0.183973,0.480758,0.649176,0.559956
1756950848480,465,0,-0,0,0.531377,-0.528808,-0.0470171,0.660103,0.0731178,0.0260697,0.0786465,0.796696,0.455936,-0.105146,-0.382491,0.081137,-0.0306718,0.0912942,0.170168,0.0395439,0.373831,0.91089,0.0806572,-0.0143591,0.0713872,0.205808,0.475826,0.670187,0.531074
1756950848513,466,0,-0,0,0.59014,-0.468852,-0.0766156,0.652655,0.0783542,0.0233589,0.0743688,0.746871,0.475053,-0.129404,-0.446878,0.0924079,-0.0337511,0.0786832,0.245499,0.0725316,0.405581,0.877471,0.0881981,-0.0150066,0.0611601,0.250519,0.467994,0.70937,0.46363
1756950848546,467,0,-0,0,0.6107,-0.444971,-0.0818004,0.649889,0.0796355,0.0236808,0.0728002,0.730223,0.484065,-0.140758,-0.461133,0.0963084,-0.0329861,0.0742829,0.270221,0.0872611,0.420712,0.861608,0.0905823,-0.0136591,0.0577995,0.262407,0.466281,0.723757,0.435778
1756950848579,468,0,-0,0,0.634531,-0.411432,-0.0979026,0.646881,0.0826091,0.0231917,0.0695027,0.705275,0.488924,-0.157322,-0.488621,0.101716,-0.0328153,0.0667722,0.302666,0.10559,0.431566,0.843195,0.0941859,-0.012881,0.0518887,0.283091,0.463083,0.736947,0.402845
1756950848612,469,0,-0,0,0.643776,-0.387838,-0.100389,0.651941,0.0839377,0.0254116,0.0667888,0.69358,0.494844,-0.17799,-0.492314,0.105174,-0.0299588,0.0626469,0.314739,0.125716,0.442331,0.830342,0.0964853,-0.0101187,0.0481985,0.291055,0.472961,0.742483,0.374554
1756950848645,470,0,-0,0,0.655602,-0.365467,-0.103557,0.652581,0.0849014,0.0269132,0.0652165,0.676107,0.502506,-0.189219,-0.504509,0.108059,-0.0276308,0.0586629,0.328277,0.139509,0.452723,0.817188,0.0983162,-0.00783779,0.0449342,0.29838,0.476609,0.749852,0.348571
1756950848679,471,0,-0,0,0.654291,-0.359006,-0.105841,0.657123,0.0856766,0.0277315,0.0638934,0.673726,0.500572,-0.196392,-0.506901,0.109058,-0.0267992,0.0572605,0.334169,0.153165,0.455289,0.810914,0.0990853,-0.00710419,0.0434364,0.305208,0.482083,0.747328,0.340503
1756950848712,472,0,-0,0,0.641291,-0.361251,-0.107206,0.668379,0.0866169,0.0287069,0.0623328,0.684114,0.490425,-0.202496,-0.500449,0.109325,-0.0262745,0.0569504,0.320889,0.159218,0.444525,0.821017,0.0994839,-0.00695959,0.0427174,0.306351,0.492917,0.735744,0.349063
1756950848745,473,0,-0,0,0.630087,-0.366684,-0.107481,0.675992,0.0868607,0.0293273,0.0617435,0.692666,0.484027,-0.20405,-0.49425,0.109068,-0.0263198,0.0574126,0.307397,0.161465,0.434915,0.83083,0.099486,-0.00724924,0.0427607,0.303701,0.500276,0.726121,0.360868
1756950848778,474,0,-0,0,0.627477,-0.36779,-0.102434,0.678567,0.0860801,0.0304345,0.0622126,0.693605,0.488476,-0.20548,-0.487887,0.108868,-0.0252765,0.0582937,0.302369,0.161272,0.436238,0.832009,0.0993567,-0.00637006,0.0432179,0.298229,0.504627,0.724268,0.36304
