Timestamp,Frame,PalmRoot_X,PalmRoot_Y,PalmRoot_Z,PalmRoot_QX,PalmRoot_QY,PalmRoot_QZ,PalmRoot_QW,ThumbTip_X,ThumbTip_Y,ThumbTip_Z,ThumbTip_QX,ThumbTip_QY,ThumbTip_QZ,ThumbTip_QW,IndexTip_X,IndexTip_Y,IndexTip_Z,IndexTip_QX,IndexTip_QY,IndexTip_QZ,IndexTip_QW,MiddleTip_X,MiddleTip_Y,MiddleTip_Z,MiddleTip_QX,MiddleTip_QY,MiddleTip_QZ,MiddleTip_QW
1756950769684,0,0,-0,0,-0.0580782,-0.0665336,-0.103361,0.990715,0.0814948,0.0761829,-0.028092,0.623244,0.365061,-0.540355,-0.43167,0.152117,-0.0409728,0.0267791,-0.292482,0.057239,-0.240221,0.923838,0.144067,-0.0816014,0.0316918,0.0129873,0.0655193,-0.349896,0.934406
1756950769717,1,0,-0,0,-0.0581447,-0.0667401,-0.103501,0.990683,0.0813792,0.0759676,-0.0282175,0.625258,0.365412,-0.541232,-0.427317,0.152102,-0.0409928,0.0268543,-0.292578,0.0570491,-0.240303,0.923796,0.144034,-0.0816227,0.031851,0.0149413,0.0669674,-0.349787,0.934314
1756950769751,2,0,-0,0,-0.0578644,-0.0666386,-0.103635,0.990692,0.0812574,0.0757017,-0.02823,0.626809,0.367213,-0.542936,-0.421281,0.15209,-0.0410473,0.026853,-0.295523,0.054051,-0.239438,0.923262,0.144095,-0.0815888,0.0317663,0.0144466,0.0673109,-0.349245,0.934498
1756950769784,3,0,-0,0,-0.0576642,-0.0664163,-0.103257,0.990758,0.0813437,0.0761539,-0.0281649,0.623026,0.365026,-0.541067,-0.431069,0.152118,-0.0409712,0.0267777,-0.290951,0.0557807,-0.240062,0.924447,0.144192,-0.081494,0.0313872,0.0172483,0.0718821,-0.348569,0.934362
1756950769817,4,0,-0,0,-0.058161,-0.0664093,-0.103203,0.990736,0.0812151,0.0763405,-0.0280175,0.621845,0.366733,-0.541491,-0.43086,0.152101,-0.0409806,0.0268186,-0.291456,0.0556875,-0.240447,0.924199,0.144224,-0.081449,0.0312441,0.0168605,0.0731776,-0.348443,0.93432
1756950769850,5,0,-0,0,-0.0582815,-0.0663211,-0.103176,0.990737,0.0812272,0.0764686,-0.0279812,0.620223,0.366427,-0.541324,-0.433651,0.152114,-0.0409364,0.0269023,-0.292591,0.054126,-0.240128,0.924015,0.144211,-0.0814849,0.0309775,0.0158292,0.0735941,-0.348831,0.93416
1756950769884,6,0,-0,0,-0.0576522,-0.0663715,-0.103306,0.990756,0.0810466,0.0762457,-0.0278836,0.623276,0.369063,-0.542258,-0.425726,0.152289,-0.0405945,0.0269637,-0.288424,0.0522959,-0.237231,0.926171,0.144219,-0.0815086,0.0309479,0.0145623,0.0715594,-0.348726,0.934373
1756950769917,7,0,-0,0,-0.0576073,-0.0664128,-0.103445,0.990742,0.0811352,0.0762036,-0.027875,0.623641,0.368896,-0.542014,-0.425684,0.15237,-0.0404389,0.026994,-0.286051,0.0525441,-0.236163,0.927168,0.144085,-0.0816596,0.0311673,0.0128208,0.0678582,-0.349945,0.934221
1756950769950,8,0,-0,0,-0.057978,-0.0667176,-0.103732,0.99067,0.0812706,0.0761772,-0.0278518,0.623087,0.368182,-0.541547,-0.427683,0.152317,-0.0405361,0.0271166,-0.288255,0.0531274,-0.236907,0.92626,0.143993,-0.0817445,0.0313703,0.0141477,0.0688434,-0.350328,0.933985
1756950769983,9,0,-0,0,-0.0580282,-0.0667416,-0.106959,0.990322,0.0818658,0.0756465,-0.0278511,0.62415,0.365405,-0.539663,-0.430904,0.151987,-0.0416314,0.0271848,-0.292361,0.055544,-0.241007,0.923772,0.143458,-0.0826709,0.0314245,0.0163802,0.0704013,-0.353073,0.932799
1756950770016,10,0,-0,0,-0.0577748,-0.0666257,-0.106996,0.990341,0.081871,0.0755361,-0.0279117,0.625493,0.365315,-0.539701,-0.428964,0.151994,-0.0416572,0.0270804,-0.288979,0.0558661,-0.240988,0.92482,0.143498,-0.0826552,0.0312895,0.0156994,0.0708675,-0.352837,0.932864
1756950770049,11,0,-0,0,-0.0580248,-0.0666382,-0.10963,0.990037,0.0822694,0.0750974,-0.0278953,0.625831,0.363646,-0.538781,-0.431068,0.151695,-0.0425915,0.027144,-0.289873,0.0546551,-0.243934,0.923842,0.143065,-0.083389,0.0313808,0.0169643,0.0707406,-0.355019,0.932025
1756950770083,12,0,-0,0,-0.0578487,-0.0668338,-0.11126,0.989853,0.0825723,0.0748604,-0.0277644,0.627224,0.363067,-0.537277,-0.43142,0.151428,-0.0432821,0.0273567,-0.291656,0.0534663,-0.247042,0.922525,0.142776,-0.0838574,0.0315206,0.0172445,0.0697043,-0.356469,0.931545
1756950770116,13,0,-0,0,-0.057226,-0.0669903,-0.111172,0.989888,0.0825101,0.0749667,-0.0276117,0.626701,0.363651,-0.536876,-0.432174,0.151414,-0.0433003,0.0273719,-0.293157,0.0525102,-0.24676,0.922178,0.142782,-0.0838525,0.0315396,0.0189501,0.0712374,-0.356212,0.931494
1756950770149,14,0,-0,0,-0.05614,-0.0668924,-0.113963,0.989639,0.0829809,0.0745517,-0.0274281,0.627283,0.36225,-0.535041,-0.434753,0.151165,-0.044233,0.0271158,-0.291045,0.0573442,-0.249749,0.921752,0.142289,-0.084739,0.0312976,0.0181896,0.069826,-0.3591,0.930505
1756950770182,15,0,-0,0,-0.0540717,-0.0669264,-0.113292,0.989829,0.0829034,0.0747419,-0.0272203,0.626317,0.363081,-0.534782,-0.435772,0.151238,-0.0440755,0.0269722,-0.28947,0.0558297,-0.248167,0.922768,0.14243,-0.0846155,0.03099,0.0201955,0.0705737,-0.358053,0.930811
1756950770215,16,0,-0,0,-0.0511539,-0.0663645,-0.113488,0.99,0.0829109,0.0747586,-0.0268762,0.626761,0.364934,-0.534177,-0.434323,0.151303,-0.0441366,0.0266382,-0.285751,0.055325,-0.246809,0.924321,0.142468,-0.0847657,0.0305058,0.0227695,0.0712429,-0.357589,0.930878
1756950770248,17,0,-0,0,-0.0483103,-0.065998,-0.115326,0.989954,0.0832138,0.0747872,-0.0263614,0.623333,0.364721,-0.532007,-0.442018,0.151217,-0.0446594,0.0264513,-0.281352,0.0561049,-0.247448,0.925451,0.142196,-0.0853919,0.0301444,0.025514,0.0711117,-0.358744,0.930371
1756950770282,18,0,-0,0,-0.0458267,-0.0655286,-0.118002,0.989789,0.0836268,0.0749156,-0.0258046,0.619563,0.363618,-0.528409,-0.452456,0.15096,-0.0456122,0.0262634,-0.280739,0.0575623,-0.250171,0.924818,0.141686,-0.0863545,0.0297183,0.0292703,0.071878,-0.361491,0.929141
1756950770315,19,0,-0,0,-0.0440011,-0.0652363,-0.117357,0.989968,0.0834436,0.0752727,-0.0254048,0.618668,0.366273,-0.527822,-0.452235,0.15098,-0.0455868,0.0260403,-0.281296,0.0574193,-0.249769,0.924767,0.141769,-0.0863099,0.0293175,0.0272107,0.0692163,-0.361566,0.929377
1756950770348,20,0,-0,0,-0.0425295,-0.0646205,-0.118251,0.989966,0.0835035,0.075203,-0.0252402,0.618989,0.366906,-0.527233,-0.451987,0.150934,-0.0459055,0.0257454,-0.279032,0.0607826,-0.250833,0.924951,0.141667,-0.0866123,0.0289948,0.0314414,0.0734828,-0.361771,0.928837
1756950770381,21,0,-0,0,-0.0429806,-0.0644967,-0.118469,0.989928,0.0835491,0.0752328,-0.0253062,0.617742,0.366046,-0.527226,-0.454372,0.150935,-0.0459351,0.0256993,-0.275966,0.0625417,-0.2514,0.925598,0.141657,-0.0866385,0.0289276,0.0308864,0.0738654,-0.361864,0.928788
1756950770414,22,0,-0,0,-0.0430425,-0.0641797,-0.122657,0.989436,0.0842035,0.074609,-0.0252105,0.617943,0.363828,-0.525309,-0.458055,0.150535,-0.0472418,0.0256451,-0.275518,0.0638522,-0.255431,0.924535,0.140942,-0.0878248,0.0288877,0.0331696,0.0755518,-0.365418,0.927178
1756950770447,23,0,-0,0,-0.0420389,-0.063801,-0.122685,0.9895,0.0839479,0.0743905,-0.0251643,0.620431,0.366651,-0.527091,-0.450332,0.150592,-0.0472104,0.0254657,-0.274735,0.0644188,-0.254668,0.92494,0.140998,-0.0878391,0.0286111,0.0322026,0.0746654,-0.365195,0.927372
1756950770481,24,0,-0,0,-0.0416017,-0.0632366,-0.122612,0.989564,0.0839004,0.0744835,-0.0251524,0.61949,0.366796,-0.52719,-0.451378,0.150642,-0.0471819,0.0252562,-0.272338,0.0658685,-0.254551,0.925578,0.141042,-0.0878447,0.0283633,0.0324993,0.0753639,-0.365101,0.927341
1756950770514,25,0,-0,0,-0.0414621,-0.062966,-0.122674,0.989579,0.084243,0.0741787,-0.0254512,0.621364,0.365396,-0.527916,-0.449113,0.150676,-0.047165,0.025132,-0.271241,0.0652066,-0.253838,0.926144,0.14107,-0.0878458,0.0282731,0.0324807,0.0756843,-0.364938,0.927382
1756950770547,26,0,-0,0,-0.0413224,-0.0623167,-0.122534,0.989643,0.084566,0.0742442,-0.0257875,0.620609,0.361727,-0.526896,-0.454278,0.15069,-0.0471931,0.0249097,-0.273339,0.0649401,-0.253524,0.925631,0.141115,-0.0878347,0.0280654,0.0343785,0.078143,-0.364731,0.92719
1756950770580,27,0,-0,0,-0.0408856,-0.0615028,-0.122299,0.989742,0.0843872,0.0739177,-0.0264029,0.622038,0.361275,-0.530932,-0.447952,0.150778,-0.0470965,0.0246296,-0.273235,0.0657908,-0.252677,0.925834,0.141244,-0.0877489,0.0277588,0.0344256,0.0791781,-0.364107,0.927347
1756950770613,28,0,-0,0,-0.0406578,-0.0611396,-0.121477,0.989875,0.0843885,0.0739217,-0.0273816,0.621273,0.355356,-0.532829,-0.451517,0.150862,-0.0468811,0.0244941,-0.273102,0.065947,-0.251966,0.926059,0.141388,-0.0875552,0.0275597,0.0328061,0.0780862,-0.363732,0.927648
1756950770646,29,0,-0,0,-0.0399516,-0.0612762,-0.121195,0.98993,0.0845913,0.0734894,-0.0283275,0.623114,0.351588,-0.536604,-0.447429,0.150906,-0.0467591,0.0245679,-0.271336,0.0654767,-0.251581,0.926715,0.141461,-0.0874698,0.0274835,0.0315766,0.0764507,-0.363326,0.927985
1756950770680,30,0,-0,0,-0.0390756,-0.0613581,-0.120655,0.990026,0.0848761,0.0733389,-0.0298058,0.624434,0.344049,-0.5401,-0.447213,0.150917,-0.0466743,0.0246228,-0.272771,0.0652317,-0.251642,0.926292,0.141538,-0.0873638,0.0274114,0.0342205,0.0781612,-0.362672,0.928002
1756950770713,31,0,-0,0,-0.0382808,-0.0613496,-0.120356,0.990094,0.0853601,0.0718314,-0.0330948,0.632382,0.327854,-0.548823,-0.437501,0.150961,-0.0465747,0.0246093,-0.273412,0.0663163,-0.251402,0.926092,0.141653,-0.08724,0.0273938,0.0364528,0.0797869,-0.361563,0.928213
1756950770746,32,0,-0,0,-0.0390778,-0.0591918,-0.119351,0.990315,0.0859421,0.0694604,-0.0379634,0.644588,0.304757,-0.561067,-0.420489,0.151192,-0.0461973,0.0240308,-0.274987,0.0677254,-0.249527,0.926028,0.142076,-0.0867851,0.0271133,0.037922,0.0785327,-0.359097,0.929215
1756950770779,33,0,-0,0,-0.0387329,-0.0578284,-0.118389,0.990525,0.0863089,0.0643389,-0.0454124,0.669173,0.269646,-0.582761,-0.374002,0.151564,-0.0454452,0.0239985,-0.275545,0.0624605,-0.244648,0.927534,0.142698,-0.0861012,0.0269352,0.0416628,0.0792062,-0.354085,0.93092
1756950770812,34,0,-0,0,-0.036719,-0.0575643,-0.114977,0.991019,0.0861031,0.0617085,-0.0491492,0.683414,0.253279,-0.594855,-0.339084,0.15204,-0.0441178,0.0240652,-0.270911,0.061293,-0.239896,0.930218,0.143535,-0.0849352,0.0266248,0.0449919,0.0772402,-0.348301,0.933114
1756950770845,35,0,-0,0,-0.0327842,-0.0569717,-0.114634,0.991231,0.0852835,0.0518475,-0.0568787,0.716441,0.208984,-0.625311,-0.228093,0.152656,-0.0428749,0.024259,-0.2664,0.0600638,-0.231555,0.933706,0.144367,-0.0841179,0.0262329,0.0478146,0.0759941,-0.340444,0.935968
1756950770879,36,0,-0,0,-0.0318581,-0.0562309,-0.114,0.991376,0.0832022,0.0462881,-0.0593396,0.724,0.190934,-0.645878,-0.148958,0.153001,-0.0421145,0.0242233,-0.265187,0.0572045,-0.226273,0.935522,0.144883,-0.083528,0.0259761,0.0524633,0.072562,-0.335637,0.937724
1756950770912,37,0,-0,0,-0.0330876,-0.0557967,-0.112972,0.991478,0.0780328,0.0374066,-0.0602077,0.712952,0.158339,-0.680011,-0.0646187,0.153534,-0.0407639,0.0243395,-0.263993,0.056316,-0.2184,0.93778,0.145858,-0.0822221,0.026028,0.0589452,0.0734831,-0.325973,0.940671
1756950770945,38,0,-0,0,-0.0344842,-0.0584348,-0.113253,0.991246,0.0729547,0.0290773,-0.0586495,-0.685391,-0.12087,0.717925,0.013444,0.153854,-0.0396292,0.0253746,-0.264853,0.0531087,-0.21122,0.939369,0.146514,-0.0811805,0.026576,0.05943,0.0727756,-0.317793,0.943491
1756950770978,39,0,-0,0,-0.0376861,-0.0656892,-0.114854,0.990492,0.0666208,0.0188424,-0.0549533,-0.637253,-0.0612788,0.767712,-0.0280053,0.15405,-0.0383069,0.0273448,-0.263571,0.0538183,-0.202609,0.941586,0.146904,-0.0800839,0.0290036,0.0608124,0.0596538,-0.308214,0.947496
1756950771011,40,0,-0,0,-0.0432282,-0.0765303,-0.115841,0.989371,0.0647265,0.0148457,-0.0517774,-0.619075,-0.0328135,0.783967,-0.0323488,0.154127,-0.036483,0.0301051,-0.266938,0.0508215,-0.191508,0.943124,0.147103,-0.0786836,0.0322643,0.0595982,0.0536282,-0.298621,0.950997
1756950771044,41,0,-0,0,-0.0500813,-0.0963898,-0.121882,0.986583,0.0639283,0.0104368,-0.045274,-0.00197114,0.798508,-0.00096018,0.601999,0.153651,-0.0347388,0.0348411,-0.27292,0.0486365,-0.17659,0.944441,0.14676,-0.0772355,0.037426,0.0594982,0.0513897,-0.283331,0.955795
1756950771077,42,0,-0,0,-0.0558944,-0.107314,-0.124962,0.984756,0.0642381,0.00924237,-0.0423577,0.0209975,0.799425,-0.00868055,0.600356,0.153373,-0.0337961,0.0363869,-0.277941,0.0571173,-0.167687,0.944124,0.146624,-0.0761037,0.0398273,0.0505662,0.0538566,-0.275268,0.958526
1756950771111,43,0,-0,0,-0.066504,-0.132914,-0.125893,0.980848,0.0656614,0.00711312,-0.0336276,0.0345982,0.792692,-0.0256324,0.608128,0.151882,-0.0324507,0.0420909,-0.284686,0.0590877,-0.167225,0.942074,0.144816,-0.0747096,0.047547,0.0433702,0.038057,-0.272034,0.960558
1756950771144,44,0,-0,0,-0.0689737,-0.151658,-0.129216,0.977521,0.0674977,0.00691999,-0.0284439,0.0526847,0.784805,-0.0201921,0.617185,0.150494,-0.0329238,0.0445259,-0.282744,0.0696934,-0.166834,0.942002,0.143202,-0.0746038,0.0508968,0.0450877,0.0378985,-0.270391,0.960948
1756950771177,45,0,-0,0,-0.0696793,-0.166145,-0.128191,0.975247,0.0692384,0.00838855,-0.0235245,0.0638568,0.773894,0.001042,0.630081,0.149525,-0.0325572,0.045719,-0.279145,0.0870451,-0.165748,0.941822,0.142207,-0.0738055,0.0536043,0.0501642,0.0396684,-0.267268,0.961497
1756950771210,46,0,-0,0,-0.0677338,-0.174964,-0.128528,0.973798,0.0696492,0.00904841,-0.0218419,0.0709987,0.767858,0.0114632,0.636589,0.148829,-0.0325929,0.0465706,-0.276943,0.0947994,-0.164713,0.941907,0.141739,-0.0735596,0.0534924,0.0637355,0.054249,-0.263002,0.961159
1756950771243,47,0,-0,0,-0.0681511,-0.184241,-0.128917,0.972004,0.0701907,0.00938971,-0.01996,0.0763592,0.761683,0.0187347,0.643168,0.148015,-0.0325696,0.047973,-0.273594,0.100861,-0.165696,0.942082,0.140878,-0.0732985,0.0554598,0.0637927,0.0486137,-0.262123,0.961696
1756950771276,48,0,-0,0,-0.0689768,-0.189096,-0.128335,0.971089,0.0704321,0.00976745,-0.0188149,0.0782106,0.759416,0.0244318,0.645417,0.147588,-0.0324237,0.0487984,-0.272697,0.101896,-0.16644,0.942099,0.140769,-0.0726635,0.0556353,0.0645265,0.0539226,-0.259165,0.962165
1756950771309,49,0,-0,0,-0.0685816,-0.194302,-0.127425,0.970209,0.0705456,0.0100239,-0.0179309,0.0774868,0.756767,0.026947,0.648507,0.147178,-0.0321344,0.0494826,-0.270705,0.105209,-0.165929,0.942399,0.140436,-0.0722776,0.0564018,0.0670091,0.0551959,-0.257564,0.962353
1756950771343,50,0,-0,0,-0.068161,-0.196503,-0.127729,0.969755,0.0705676,0.0100678,-0.0172874,0.0776622,0.756296,0.0283981,0.648979,0.146961,-0.0322866,0.0493471,-0.270802,0.110045,-0.165722,0.941855,0.140245,-0.0722905,0.0564158,0.0689583,0.0588252,-0.257075,0.962131
1756950771376,51,0,-0,0,-0.0675952,-0.196985,-0.127487,0.96973,0.0705769,0.0101758,-0.0169556,0.0780295,0.756785,0.0301506,0.648304,0.146953,-0.0322661,0.0488042,-0.266884,0.116859,-0.164666,0.94234,0.140347,-0.0721264,0.056071,0.0711081,0.0576339,-0.255718,0.962409
1756950771409,52,0,-0,0,-0.068022,-0.196223,-0.128952,0.96966,0.0706172,0.00988277,-0.0167766,0.0778355,0.758265,0.0283063,0.646647,0.146938,-0.0326563,0.0485547,-0.267296,0.118381,-0.165404,0.941901,0.140203,-0.0725978,0.0555662,0.069621,0.0638013,-0.257775,0.961578
1756950771442,53,0,-0,0,-0.0691968,-0.194025,-0.132016,0.969608,0.0706164,0.00934171,-0.0170068,0.0793565,0.760018,0.0249279,0.644574,0.146908,-0.0336479,0.0479327,-0.269844,0.119976,-0.167857,0.940541,0.139928,-0.0735326,0.0550251,0.068957,0.0653059,-0.261347,0.960562
1756950771475,54,0,-0,0,-0.0684381,-0.192867,-0.132245,0.96986,0.0705632,0.00931367,-0.0170924,0.0797709,0.761826,0.0250747,0.642348,0.147,-0.0337731,0.047553,-0.269103,0.121181,-0.167548,0.940651,0.140015,-0.0736712,0.0547035,0.0706479,0.0668425,-0.26125,0.960358
1756950771509,55,0,-0,0,-0.0656143,-0.190073,-0.133753,0.9704,0.0704632,0.00901831,-0.017272,0.0770035,0.76486,0.0215727,0.639192,0.147147,-0.0344126,0.0466157,-0.265065,0.124547,-0.167533,0.941359,0.140089,-0.0743503,0.0537427,0.0729927,0.0682519,-0.262338,0.959787
1756950771542,56,0,-0,0,-0.0640436,-0.186807,-0.134749,0.971002,0.0699954,0.00872368,-0.0178812,0.0696026,0.769689,0.0151098,0.634431,0.147349,-0.034906,0.0457399,-0.263135,0.126678,-0.167976,0.941539,0.140201,-0.0749183,0.0528619,0.0759132,0.071021,-0.263624,0.959008
1756950771575,57,0,-0,0,-0.0630134,-0.182151,-0.13603,0.971774,0.0686443,0.00824257,-0.0193616,0.0583651,0.780128,0.00419579,0.622858,0.147573,-0.0356969,0.045011,-0.261959,0.125713,-0.171163,0.941421,0.140167,-0.0759087,0.0518271,0.0770436,0.0729771,-0.268149,0.957514
1756950771608,58,0,-0,0,-0.0624753,-0.177666,-0.136321,0.972599,0.0680278,0.00787408,-0.020777,0.0434095,0.786636,-0.00645453,0.615854,0.14789,-0.0359876,0.0447332,-0.262108,0.121643,-0.173374,0.941511,0.140371,-0.0763367,0.0513734,0.0762552,0.0707375,-0.270172,0.957177
1756950771642,59,0,-0,0,-0.0623605,-0.167175,-0.135846,0.97453,0.0669342,0.00842672,-0.0241679,0.0212823,0.796451,-0.00911516,0.60424,0.148635,-0.0365747,0.0426388,-0.263422,0.120654,-0.175892,0.940803,0.141217,-0.0767278,0.0490433,0.0736146,0.0786524,-0.27266,0.956059
1756950771675,60,0,-0,0,-0.0631124,-0.162012,-0.134821,0.975495,0.067247,0.00877686,-0.0258639,-0.00697459,0.796468,-0.014221,0.604441,0.148842,-0.0371883,0.0419734,-0.260712,0.117004,-0.181608,0.940932,0.141315,-0.0772099,0.0487186,0.0679752,0.0773351,-0.278122,0.955009
1756950771708,61,0,-0,0,-0.0650264,-0.156565,-0.131746,0.976679,0.0672247,0.0102053,-0.0284998,-0.0457121,0.787395,-0.00958401,0.614668,0.148843,-0.0380504,0.0423292,-0.25695,0.109456,-0.196255,0.939936,0.140952,-0.0780841,0.0492469,0.0660237,0.0679095,-0.289155,0.952585
1756950771741,62,0,-0,0,-0.065096,-0.153329,-0.12712,0.9778,0.0685669,0.0107322,-0.0312899,-0.0894091,0.768552,-0.0131866,0.633359,0.148669,-0.0388351,0.0417721,-0.251669,0.103707,-0.207094,0.93969,0.140307,-0.0791092,0.0488958,0.0673608,0.0630784,-0.302722,0.9486
1756950771774,63,0,-0,0,-0.0688177,-0.146743,-0.12357,0.979009,0.0726028,0.0137275,-0.039777,-0.113104,0.73094,0.0175807,0.672742,0.148611,-0.0398123,0.040612,-0.254762,0.0958458,-0.218215,0.937169,0.140031,-0.0798289,0.0480315,0.0697741,0.0612667,-0.313569,0.945012
1756950771807,64,0,-0,0,-0.0684706,-0.137855,-0.12131,0.980608,0.0789277,0.0179361,-0.0453458,0.714314,0.0493431,-0.689389,0.109835,0.148917,-0.0405592,0.0384944,-0.258089,0.0960731,-0.223985,0.934875,0.140251,-0.080481,0.0462981,0.0704183,0.0667983,-0.320284,0.942336
1756950771840,65,0,-0,0,-0.0658117,-0.133331,-0.118201,0.981795,0.0871543,0.0295265,-0.0467599,0.7683,0.119805,-0.625693,0.0625147,0.148893,-0.0410858,0.0378246,-0.260732,0.0906605,-0.230672,0.933057,0.140206,-0.0809288,0.045503,0.0647875,0.0651843,-0.327482,0.94038
1756950771874,66,0,-0,0,-0.063517,-0.128397,-0.116424,0.982815,0.0892729,0.0343866,-0.0489323,0.780998,0.144787,-0.60691,0.0271229,0.149256,-0.0409998,0.0365491,-0.262242,0.0914429,-0.230073,0.932702,0.140731,-0.0808493,0.0441173,0.064969,0.0672209,-0.327625,0.940171
1756950771907,67,0,-0,0,-0.0656786,-0.120506,-0.115551,0.983774,0.0912821,0.0445281,-0.0501702,0.780639,0.192176,-0.589465,-0.0785507,0.149613,-0.0411588,0.0358844,-0.27125,0.0835412,-0.233461,0.930019,0.141172,-0.0808582,0.043541,0.054725,0.0631654,-0.330565,0.940073
1756950771940,68,0,-0,0,-0.0658985,-0.108576,-0.114725,0.985245,0.090027,0.0521381,-0.0505081,0.753006,0.218374,-0.585652,-0.205702,0.15005,-0.0417781,0.0339786,-0.284393,0.075572,-0.236769,0.925933,0.141758,-0.0812794,0.0413439,0.0521969,0.0649307,-0.33401,0.938881
1756950771973,69,0,-0,0,-0.0657541,-0.0990344,-0.112538,0.986511,0.0871864,0.0621006,-0.0465184,0.702694,0.257363,-0.578737,-0.324147,0.150065,-0.0422322,0.0344886,-0.29527,0.0491413,-0.245417,0.922049,0.14178,-0.0818863,0.040144,0.0474599,0.0612521,-0.341629,0.936637
1756950772006,70,0,-0,0,-0.0616612,-0.0843736,-0.11243,0.988149,0.0840121,0.0691085,-0.0419309,0.649144,0.288796,-0.576977,-0.402897,0.150346,-0.0426347,0.0345012,-0.303949,0.015023,-0.249684,0.919266,0.141892,-0.0832944,0.0365303,0.0399773,0.063033,-0.350998,0.933398
1756950772039,71,0,-0,0,-0.0534385,-0.0748381,-0.1113,0.989523,0.0811745,0.0744959,-0.0355234,0.60824,0.326594,-0.571601,-0.443454,0.14944,-0.0439109,0.0362472,-0.309593,-0.0219968,-0.265871,0.912678,0.142158,-0.0839625,0.0344951,0.0361885,0.0573485,-0.354581,0.932563
1756950772073,72,0,-0,0,-0.0452651,-0.0623679,-0.108703,0.991083,0.0779496,0.0785298,-0.0300097,0.57409,0.35917,-0.566717,-0.4693,0.148579,-0.0451607,0.0361739,-0.315579,-0.0544286,-0.279311,0.905224,0.142509,-0.0846125,0.0309446,0.0348176,0.0517274,-0.359606,0.931018
1756950772106,73,0,-0,0,-0.0436554,-0.0581608,-0.108662,0.991415,0.0764202,0.0796921,-0.0277097,-0.563649,-0.374359,0.565059,0.472044,0.1477,-0.0461714,0.0368398,-0.315239,-0.0706745,-0.289951,0.90086,0.142414,-0.0850608,0.0298944,0.028464,0.0467918,-0.363183,0.930104
1756950772139,74,0,-0,0,-0.0441922,-0.0554824,-0.111638,0.991214,0.0765287,0.0792731,-0.0269656,0.56272,0.377726,-0.56252,-0.473545,0.146854,-0.0475256,0.0374163,-0.313605,-0.0828271,-0.298341,0.897656,0.141523,-0.0864254,0.0297687,0.0250831,0.0384588,-0.370549,0.927678
1756950772172,75,0,-0,0,-0.0472879,-0.0545162,-0.114207,0.990832,0.0764259,0.0786302,-0.0265971,0.567089,0.381439,-0.561093,-0.467007,0.146413,-0.0482589,0.0378258,-0.31458,-0.0878598,-0.302233,0.895531,0.140728,-0.0874072,0.030212,0.0167587,0.032215,-0.376935,0.925528
1756950772205,76,0,-0,0,-0.0524262,-0.0532823,-0.1162,0.990409,0.0765351,0.0782541,-0.0268297,0.567632,0.380562,-0.560824,-0.467395,0.146228,-0.0486511,0.037904,-0.321294,-0.0852923,-0.305022,0.892447,0.14029,-0.0878913,0.030697,0.0204831,0.029825,-0.37934,0.924551
1756950772238,77,0,-0,0,-0.0557703,-0.0551924,-0.116747,0.990057,0.0766266,0.0784003,-0.0262905,0.567513,0.382728,-0.55853,-0.468511,0.145978,-0.0487047,0.0386531,-0.327163,-0.0852329,-0.307109,0.889599,0.139975,-0.0879668,0.031692,0.0174846,0.026987,-0.380993,0.924019
1756950772272,78,0,-0,0,-0.0583848,-0.0585213,-0.115843,0.989822,0.0767764,0.0786641,-0.0261921,0.569461,0.381857,-0.556581,-0.469165,0.146222,-0.0483858,0.038512,-0.329105,-0.070202,-0.306905,0.890264,0.139926,-0.0875322,0.0330543,0.0180214,0.0253445,-0.380131,0.92441
1756950772305,79,0,-0,0,-0.0646783,-0.0691288,-0.114637,0.988886,0.0768765,0.0784418,-0.0257426,0.579737,0.38496,-0.554392,-0.456424,0.147616,-0.0467993,0.0373175,-0.328955,-0.034676,-0.291071,0.897694,0.139412,-0.0868558,0.0360899,0.0109867,0.022053,-0.381013,0.924238
1756950772338,80,0,-0,0,-0.0706039,-0.0763368,-0.11475,0.987937,0.0771004,0.0778539,-0.0258157,0.590519,0.385424,-0.552949,-0.443827,0.149186,-0.0459174,0.0322785,-0.319623,0.0307751,-0.27172,0.907228,0.139215,-0.0862385,0.038123,0.00782679,0.0246204,-0.379546,0.924812
1756950772371,81,0,-0,0,-0.0732254,-0.0936291,-0.113661,0.986384,0.0769205,0.0777446,-0.0234246,0.602821,0.396016,-0.545213,-0.427231,0.149388,-0.0448181,0.0284432,-0.296532,0.102898,-0.25487,0.914616,0.138779,-0.0849242,0.0424424,0.0091715,0.0191537,-0.37399,0.92719
1756950772404,82,0,-0,0,-0.0746351,-0.113554,-0.113679,0.984181,0.0766159,0.077479,-0.0200329,0.616806,0.411164,-0.534421,-0.40603,0.14787,-0.0446136,0.0247041,-0.258693,0.188846,-0.248946,0.914021,0.137807,-0.0839499,0.0470392,0.015594,0.0120848,-0.368938,0.929242
1756950772437,83,0,-0,0,-0.0827603,-0.13137,-0.117893,0.980813,0.0774359,0.0759859,-0.0184641,0.635391,0.413806,-0.525077,-0.386455,0.144528,-0.045364,0.0193246,-0.216509,0.296037,-0.248104,0.896623,0.135873,-0.0841861,0.0509067,0.0175781,0.0174105,-0.371676,0.928034
1756950772470,84,0,-0,0,-0.0848558,-0.138852,-0.11856,0.979522,0.0767249,0.0751914,-0.017065,0.643438,0.421087,-0.521037,-0.370416,0.140391,-0.0439454,0.0099125,-0.13189,0.421141,-0.236874,0.865529,0.135945,-0.0837884,0.0497553,0.0244772,0.0496695,-0.368079,0.928145
1756950772503,85,0,-0,0,-0.0869058,-0.156472,-0.121318,0.976343,0.0765601,0.0742193,-0.0150091,0.657554,0.425949,-0.511511,-0.352914,0.134568,-0.0430945,0.00743552,-0.0334874,0.507476,-0.24153,0.826445,0.134487,-0.0835526,0.0529616,0.0355145,0.059821,-0.364914,0.928439
1756950772537,86,0,-0,0,-0.0858432,-0.167085,-0.12257,0.974522,0.075499,0.0731664,-0.0133949,0.664871,0.432167,-0.507247,-0.33753,0.122537,-0.0395575,0.00491055,0.123069,0.627353,-0.247052,0.72821,0.135182,-0.0822887,0.0504724,0.0768638,0.112887,-0.345478,0.92844
1756950772570,87,0,-0,0,-0.0828091,-0.174767,-0.124303,0.973216,0.0747992,0.072274,-0.0118314,0.669071,0.437802,-0.503636,-0.327168,0.114824,-0.0377524,0.00509487,0.167593,0.701055,-0.24773,0.647363,0.135505,-0.0815048,0.0472048,0.108082,0.16163,-0.329943,0.923761
1756950772603,88,0,-0,0,-0.0801324,-0.180203,-0.124446,0.97243,0.0736882,0.0716544,-0.0103995,0.669727,0.445248,-0.502118,-0.31798,0.110023,-0.0352287,0.00491466,0.177136,0.752383,-0.234688,0.589474,0.136085,-0.0800615,0.0433344,0.132983,0.203552,-0.313432,0.917957
1756950772636,89,0,-0,0,-0.0804314,-0.19332,-0.124443,0.969882,0.0727436,0.0716835,-0.00820597,0.671785,0.454431,-0.495637,-0.310692,0.105393,-0.0325062,0.00613165,0.170269,0.79171,-0.219126,0.544219,0.135395,-0.078568,0.0419169,0.151408,0.238093,-0.301317,0.91082
1756950772669,90,0,-0,0,-0.0806689,-0.20109,-0.123625,0.968387,0.0728217,0.0715382,-0.00721243,0.676344,0.45618,-0.491072,-0.305504,0.100881,-0.030414,0.00598983,0.151922,0.830709,-0.206632,0.494137,0.135116,-0.0769432,0.0397431,0.157928,0.265546,-0.291965,0.905155
1756950772703,91,0,-0,0,-0.0796163,-0.210502,-0.122229,0.966648,0.0719973,0.0709165,-0.00630812,0.678636,0.4591,-0.490521,-0.296703,0.0982005,-0.0290115,0.0069028,0.138103,0.845304,-0.19867,0.476322,0.135341,-0.0744573,0.0390152,0.162808,0.287499,-0.275547,0.90272
1756950772736,92,0,-0,0,-0.0781045,-0.213247,-0.121766,0.966229,0.0715804,0.0704959,-0.00599027,0.67869,0.46022,-0.491382,-0.29347,0.096191,-0.0279675,0.00701983,0.122703,0.861157,-0.189298,0.455546,0.135279,-0.0736215,0.0378067,0.160636,0.299664,-0.271081,0.900507
1756950772769,93,0,-0,0,-0.0797706,-0.217251,-0.122258,0.965138,0.0715033,0.0700385,-0.00581591,0.681185,0.459451,-0.49079,-0.289852,0.0944663,-0.0275635,0.00747669,0.110461,0.870953,-0.18604,0.441164,0.134649,-0.072906,0.0363982,0.166735,0.319555,-0.26675,0.893828
1756950772802,94,0,-0,0,-0.0818824,-0.216721,-0.121346,0.965194,0.0711669,0.0697172,-0.00640014,0.681242,0.457793,-0.493836,-0.287107,0.0938136,-0.0271293,0.00741338,0.103607,0.875969,-0.184773,0.433327,0.134752,-0.0721306,0.0352585,0.164846,0.329787,-0.264244,0.891198
1756950772835,95,0,-0,0,-0.080829,-0.215913,-0.121548,0.96544,0.07137,0.0686959,-0.00664605,0.682203,0.455104,-0.497906,-0.282064,0.0934786,-0.0268525,0.0072092,0.0978988,0.881241,-0.179661,0.426078,0.134864,-0.0715886,0.0337872,0.170261,0.341812,-0.259038,0.887171
1756950772868,96,0,-0,0,-0.080605,-0.217735,-0.120348,0.965199,0.0713781,0.0687544,-0.00647603,0.681607,0.455389,-0.498125,-0.282646,0.0933118,-0.0267894,0.00758178,0.0946815,0.881323,-0.181233,0.425963,0.134842,-0.070704,0.0330248,0.172602,0.352121,-0.254272,0.884059
1756950772901,97,0,-0,0,-0.0784903,-0.219533,-0.119549,0.965065,0.0725763,0.0679499,-0.00682083,0.678585,0.448333,-0.504175,-0.290344,0.0943086,-0.0271618,0.0071451,0.0895882,0.883553,-0.178338,0.423646,0.134665,-0.0701121,0.0320319,0.173464,0.361778,-0.250892,0.880949
1756950772935,98,0,-0,0,-0.0792998,-0.219278,-0.119947,0.96501,0.0726427,0.0678766,-0.00693777,0.677802,0.447654,-0.504947,-0.291977,0.0939267,-0.0272141,0.00709964,0.0853034,0.88434,-0.17885,0.422741,0.134245,-0.0700908,0.0308529,0.172242,0.368837,-0.252303,0.877864
1756950772968,99,0,-0,0,-0.0763159,-0.219789,-0.119514,0.965186,0.0725267,0.0680664,-0.00641567,0.676711,0.450081,-0.503438,-0.293294,0.0937287,-0.026996,0.00702675,0.085733,0.88505,-0.175967,0.42232,0.134284,-0.069795,0.0302373,0.177749,0.372077,-0.248918,0.876355
1756950773001,100,0,-0,0,-0.0769937,-0.218262,-0.12036,0.965374,0.0727434,0.067699,-0.00691203,0.677353,0.447081,-0.505359,-0.293116,0.0937845,-0.0271487,0.0067741,0.0825642,0.88876,-0.174636,0.415672,0.134171,-0.0698373,0.0293641,0.182512,0.379525,-0.247811,0.87249
1756950773034,101,0,-0,0,-0.0779004,-0.216571,-0.121027,0.965598,0.0730688,0.0675224,-0.00756007,0.678394,0.443225,-0.506683,-0.294261,0.0938747,-0.0273989,0.00646394,0.0790999,0.890066,-0.175172,0.413309,0.134346,-0.0698027,0.0290661,0.183537,0.3807,-0.246709,0.872073
1756950773067,102,0,-0,0,-0.0800443,-0.213336,-0.121956,0.966026,0.0723207,0.0686164,-0.00778593,0.680293,0.446855,-0.501763,-0.292812,0.0942441,-0.027527,0.00632586,0.0862209,0.881236,-0.179611,0.428617,0.134861,-0.0703891,0.0301073,0.186369,0.370152,-0.248341,0.875543
1756950773100,103,0,-0,0,-0.0791389,-0.210542,-0.122428,0.966655,0.0730517,0.0690289,-0.00799416,0.68198,0.445379,-0.500018,-0.294181,0.0968052,-0.0283964,0.00557285,0.0916091,0.864578,-0.183083,0.458925,0.13529,-0.0717644,0.0322025,0.175024,0.346144,-0.257259,0.885084
1756950773133,104,0,-0,0,-0.0823016,-0.202222,-0.125195,0.967811,0.0741105,0.0686069,-0.0100188,0.682863,0.434682,-0.50431,-0.300683,0.0997175,-0.0304224,0.0043246,0.100958,0.843121,-0.196524,0.490227,0.135609,-0.0736178,0.0330046,0.165988,0.328298,-0.268271,0.890335
1756950773166,105,0,-0,0,-0.0794962,-0.198395,-0.124005,0.968991,0.074407,0.0694083,-0.0101763,0.681283,0.435533,-0.503784,-0.303962,0.103266,-0.0316237,0.00356504,0.105898,0.815503,-0.202808,0.531634,0.13651,-0.0740956,0.0346865,0.160005,0.303633,-0.271064,0.899297
1756950773200,106,0,-0,0,-0.0779351,-0.188751,-0.12152,0.971356,0.0745588,0.0707237,-0.0109724,0.674225,0.436342,-0.506296,-0.314185,0.110112,-0.0336195,0.00123637,0.091098,0.761343,-0.208307,0.607197,0.137687,-0.0749266,0.035947,0.150629,0.28051,-0.277856,0.906326
1756950773233,107,0,-0,0,-0.0811767,-0.182132,-0.121577,0.972347,0.0755866,0.0710491,-0.0120818,0.674265,0.431208,-0.507111,-0.31984,0.118816,-0.0362507,0.00167984,0.0642711,0.69718,-0.211751,0.681912,0.137945,-0.0766319,0.0402438,0.129801,0.233871,-0.292985,0.917944
1756950773266,108,0,-0,0,-0.0840781,-0.163615,-0.120123,0.975568,0.075662,0.0715249,-0.0149534,0.664322,0.423666,-0.517543,-0.333677,0.126848,-0.0373178,0.000388103,0.0426167,0.652579,-0.206444,0.727813,0.139473,-0.0772639,0.0394619,0.113959,0.21542,-0.300401,0.922154
1756950773299,109,0,-0,0,-0.0838992,-0.154805,-0.119743,0.977067,0.0764899,0.0719502,-0.0157043,0.660328,0.420943,-0.518965,-0.342737,0.133334,-0.0380478,0.00214615,-0.00281585,0.599309,-0.201201,0.774824,0.139593,-0.0785797,0.0416385,0.097362,0.183472,-0.31205,0.927085
1756950773333,110,0,-0,0,-0.0875724,-0.134646,-0.122749,0.979354,0.0775966,0.0715418,-0.0190787,0.6516,0.405266,-0.527401,-0.364724,0.142699,-0.0409349,0.00923677,-0.17836,0.443968,-0.204879,0.853876,0.139602,-0.0810776,0.0414842,0.0750266,0.156675,-0.33033,0.927742
1756950773366,111,0,-0,0,-0.0876361,-0.127141,-0.122644,0.980364,0.0778461,0.0725499,-0.01986,0.641899,0.402684,-0.529493,-0.381366,0.147867,-0.0410146,0.0204204,-0.271825,0.273999,-0.204663,0.899526,0.139425,-0.0820301,0.0421917,0.056369,0.130299,-0.340582,0.929434
1756950773399,112,0,-0,0,-0.0814066,-0.114358,-0.121889,0.982567,0.0778158,0.0745778,-0.0201874,0.622406,0.401765,-0.530913,-0.41149,0.15078,-0.040025,0.0296205,-0.314632,0.123437,-0.202618,0.919084,0.138537,-0.0843736,0.0423615,0.0277948,0.0816949,-0.360967,0.928577
1756950773432,113,0,-0,0,-0.0792927,-0.103228,-0.120824,0.984103,0.0778772,0.0758063,-0.0213317,0.604888,0.395894,-0.535739,-0.436344,0.151479,-0.0388629,0.0364229,-0.348978,0.0133709,-0.202496,0.914898,0.137782,-0.0857373,0.0435744,9.51737e-05,0.0194109,-0.374768,0.926919
1756950773465,114,0,-0,0,-0.0788031,-0.0871144,-0.118595,0.98597,0.0777473,0.0767374,-0.0237449,0.585557,0.385633,-0.545405,-0.459303,0.151845,-0.0378948,0.0382967,-0.367213,-0.0502094,-0.201349,0.906695,0.137717,-0.0864193,0.0433021,-0.0180765,-0.030059,-0.382768,0.92318
1756950773498,115,0,-0,0,-0.0801172,-0.084793,-0.118128,0.986122,0.0782818,0.0769034,-0.0246489,0.581211,0.378936,-0.546706,-0.46873,0.151284,-0.0377833,0.0406498,-0.377345,-0.0776607,-0.207259,0.899234,0.13702,-0.086586,0.0453938,-0.0235068,-0.0683181,-0.385879,0.919715
1756950773532,116,0,-0,0,-0.0809651,-0.0744781,-0.116753,0.987049,0.0780687,0.0773254,-0.02634,0.568902,0.370683,-0.552498,-0.483391,0.150985,-0.0377367,0.0412832,-0.382491,-0.104157,-0.2138,0.892824,0.136406,-0.0872031,0.0455207,-0.0388294,-0.10218,-0.393348,0.912866
1756950773565,117,0,-0,0,-0.0810793,-0.0609735,-0.116237,0.988028,0.0780605,0.077985,-0.0263542,0.567391,0.372931,-0.54889,-0.487599,0.150396,-0.0377644,0.0419839,-0.37961,-0.119329,-0.229432,0.888273,0.136255,-0.0873985,0.0455896,-0.0421842,-0.117982,-0.396209,0.909576
1756950773598,118,0,-0,0,-0.0825147,-0.0611235,-0.117873,0.987705,0.0783447,0.0775025,-0.0267299,0.569656,0.37076,-0.549199,-0.486254,0.150189,-0.0381309,0.0423268,-0.379435,-0.119696,-0.231784,0.887686,0.135519,-0.0877853,0.0468368,-0.0404054,-0.133127,-0.397997,0.90678
1756950773631,119,0,-0,0,-0.0845606,-0.0622352,-0.118517,0.987385,0.0785762,0.0772538,-0.0269016,0.571433,0.369632,-0.549019,-0.485188,0.150047,-0.0381301,0.0428211,-0.37993,-0.120444,-0.232833,0.887092,0.135206,-0.0878046,0.0476238,-0.0420312,-0.140181,-0.39845,0.905439
1756950773664,120,0,-0,0,-0.0877229,-0.0632773,-0.119635,0.986908,0.0788347,0.0767573,-0.0276648,0.575768,0.365906,-0.54998,-0.481798,0.149882,-0.0382346,0.0433011,-0.38282,-0.121403,-0.233874,0.885446,0.134826,-0.0878424,0.0485856,-0.044487,-0.142047,-0.399504,0.904567
1756950773698,121,0,-0,0,-0.0907462,-0.0659274,-0.120718,0.98633,0.0791479,0.0760369,-0.0283868,0.582729,0.362388,-0.550747,-0.475183,0.149592,-0.0383244,0.044212,-0.385532,-0.123323,-0.235524,0.883567,0.134382,-0.0878415,0.0497773,-0.0504717,-0.145187,-0.400721,0.903217
1756950773731,122,0,-0,0,-0.0919902,-0.0694545,-0.120209,0.986035,0.0792216,0.0760941,-0.0281592,0.583526,0.362731,-0.55006,-0.474741,0.149497,-0.0379493,0.0449989,-0.385165,-0.123846,-0.234882,0.883825,0.134646,-0.087269,0.0504219,-0.048339,-0.141632,-0.397574,0.905286
1756950773764,123,0,-0,0,-0.0933177,-0.0719294,-0.119527,0.985815,0.0792365,0.0761072,-0.0281617,0.586562,0.363076,-0.549695,-0.47111,0.149692,-0.0373198,0.0452274,-0.387814,-0.123733,-0.23032,0.883878,0.135141,-0.0866007,0.0506758,-0.05345,-0.134498,-0.394403,0.907467
1756950773797,124,0,-0,0,-0.0926605,-0.0819913,-0.121527,0.984846,0.0797023,0.0755346,-0.0286202,0.583109,0.354604,-0.552245,-0.478818,0.14964,-0.0380242,0.0455057,-0.389489,-0.121295,-0.222813,0.885404,0.135647,-0.0865412,0.0499861,-0.0509626,-0.114457,-0.389835,0.912322
1756950773831,125,0,-0,0,-0.0948555,-0.0878689,-0.120909,0.984206,0.0801134,0.07579,-0.0282274,0.585065,0.353591,-0.548987,-0.480881,0.149387,-0.0373082,0.0470683,-0.389578,-0.124609,-0.22165,0.88519,0.13678,-0.0858559,0.0478391,-0.0345806,-0.0681389,-0.384354,0.920014
1756950773864,126,0,-0,0,-0.099728,-0.097507,-0.120644,0.982849,0.0804713,0.0754855,-0.0278142,0.592238,0.354706,-0.547059,-0.473452,0.148758,-0.0364035,0.04984,-0.391788,-0.130964,-0.221832,0.883255,0.138066,-0.0851554,0.0419876,0.000328141,0.034195,-0.377177,0.925509
1756950773897,127,0,-0,0,-0.107392,-0.103511,-0.122851,0.981152,0.081129,0.0745144,-0.0283489,0.59942,0.350548,-0.546604,-0.467982,0.148209,-0.0362322,0.0516806,-0.397335,-0.133063,-0.223573,0.880015,0.138005,-0.0849827,0.0339646,0.0397123,0.146698,-0.37147,0.915919
1756950773930,128,0,-0,0,-0.106701,-0.104838,-0.122266,0.981161,0.081259,0.0747191,-0.0282462,0.596078,0.349239,-0.546404,-0.473492,0.148219,-0.0360033,0.051867,-0.395547,-0.131992,-0.223057,0.881121,0.136278,-0.0814958,0.0132473,0.164529,0.348035,-0.335262,0.85989
1756950773963,129,0,-0,0,-0.108146,-0.113712,-0.122339,0.980004,0.0818181,0.0746549,-0.0275101,0.601145,0.349684,-0.542481,-0.471266,0.147584,-0.0356535,0.0539571,-0.395993,-0.135559,-0.223674,0.880223,0.130898,-0.0768307,0.000275997,0.258281,0.481089,-0.303283,0.780951
1756950773997,130,0,-0,0,-0.115686,-0.118589,-0.123614,0.978404,0.0822957,0.0742611,-0.028382,0.602554,0.342259,-0.542593,-0.474765,0.147385,-0.0351911,0.0549647,-0.404623,-0.134876,-0.22163,0.876912,0.11952,-0.0663538,-0.0079395,0.325169,0.61179,-0.262991,0.671446
1756950774030,131,0,-0,0,-0.120669,-0.126169,-0.125411,0.976622,0.0828144,0.0735752,-0.0281757,0.609692,0.341657,-0.540685,-0.468164,0.146825,-0.0350697,0.0566141,-0.40711,-0.13305,-0.222966,0.875692,0.110497,-0.058401,-0.00537086,0.345726,0.706211,-0.223891,0.575834
1756950774063,132,0,-0,0,-0.120145,-0.128857,-0.1254,0.976339,0.0830266,0.073825,-0.0279191,0.607903,0.340494,-0.539167,-0.473124,0.146808,-0.0361542,0.0556524,-0.407394,-0.116299,-0.227167,0.876874,0.104729,-0.0527939,-0.00641994,0.352593,0.771482,-0.190515,0.494192
1756950774096,133,0,-0,0,-0.121325,-0.130364,-0.127729,0.97569,0.0835986,0.0735894,-0.028266,0.607539,0.334941,-0.537469,-0.479403,0.146617,-0.0372564,0.0552333,-0.407491,-0.105982,-0.231073,0.877109,0.100039,-0.0494265,-0.00695681,0.355906,0.808868,-0.171681,0.435405
1756950774129,134,0,-0,0,-0.122272,-0.133059,-0.129188,0.975015,0.0837314,0.0732145,-0.0286285,0.608083,0.331491,-0.53833,-0.480151,0.146582,-0.0384878,0.0540083,-0.40859,-0.0877904,-0.233235,0.878036,0.0962443,-0.0461012,-0.00709952,0.353792,0.838774,-0.151082,0.385303
1756950774163,135,0,-0,0,-0.121848,-0.141528,-0.127234,0.974133,0.0837278,0.0738081,-0.0275031,0.609225,0.335703,-0.535763,-0.478647,0.145983,-0.0389324,0.0544624,-0.409776,-0.0770694,-0.236923,0.877502,0.0940686,-0.0435057,-0.00569529,0.345952,0.854295,-0.138131,0.362509
1756950774196,136,0,-0,0,-0.123821,-0.142696,-0.127869,0.97363,0.0834979,0.0737638,-0.027606,0.611148,0.337166,-0.53711,-0.473626,0.146063,-0.039916,0.0526746,-0.403315,-0.0581559,-0.237946,0.881666,0.09196,-0.0416194,-0.00508055,0.346145,0.867585,-0.126501,0.333871
1756950774229,137,0,-0,0,-0.124601,-0.144125,-0.12825,0.973269,0.0838664,0.0739314,-0.0274562,0.608468,0.334921,-0.535154,-0.480808,0.146027,-0.0406836,0.0513471,-0.398549,-0.0466145,-0.237486,0.884634,0.089903,-0.040066,-0.00492789,0.342686,0.879598,-0.117757,0.308184
1756950774262,138,0,-0,0,-0.124517,-0.150797,-0.125469,0.972632,0.0836756,0.0743711,-0.0265818,0.611857,0.339845,-0.533646,-0.47472,0.145906,-0.0398474,0.0517405,-0.392644,-0.0402507,-0.234873,0.888282,0.0885466,-0.0383568,-0.00388438,0.339274,0.888036,-0.10936,0.29039
1756950774295,139,0,-0,0,-0.126516,-0.150681,-0.126043,0.972317,0.084183,0.0743593,-0.027103,0.612721,0.334447,-0.531603,-0.479678,0.145891,-0.0400826,0.0513624,-0.39187,-0.0353628,-0.235838,0.888572,0.0880061,-0.0383026,-0.00375368,0.336751,0.887984,-0.113122,0.291994
1756950774328,140,0,-0,0,-0.12623,-0.150054,-0.125735,0.972492,0.0837157,0.0744425,-0.0272385,0.614377,0.336409,-0.53333,-0.474256,0.146062,-0.0402133,0.0504169,-0.393659,-0.0284871,-0.234023,0.888511,0.0878565,-0.038151,-0.00386073,0.33722,0.889614,-0.111721,0.287014
1756950774362,141,0,-0,0,-0.126302,-0.150957,-0.125545,0.972368,0.0831413,0.0745998,-0.0271778,0.614126,0.338948,-0.535414,-0.470436,0.146119,-0.0402567,0.0498029,-0.394236,-0.0215762,-0.232348,0.888893,0.0876098,-0.0378699,-0.00370116,0.332323,0.892242,-0.110026,0.28526
1756950774395,142,0,-0,0,-0.127283,-0.148304,-0.12674,0.972492,0.0834204,0.0746028,-0.0276815,0.610409,0.334246,-0.535197,-0.478772,0.146283,-0.0407348,0.048771,-0.392035,-0.0157934,-0.23266,0.8899,0.087571,-0.0381724,-0.00412328,0.332381,0.894265,-0.109462,0.278941
1756950774428,143,0,-0,0,-0.127257,-0.14743,-0.126739,0.972629,0.0830805,0.0742808,-0.0278343,0.612972,0.336404,-0.537449,-0.471441,0.146325,-0.0408449,0.0485096,-0.393157,-0.0154558,-0.232538,0.889448,0.0876145,-0.0381562,-0.00428986,0.331597,0.894744,-0.109046,0.278562
1756950774461,144,0,-0,0,-0.126998,-0.146934,-0.126359,0.972788,0.0828534,0.0737734,-0.0281365,0.616781,0.337336,-0.539741,-0.463116,0.146404,-0.0407689,0.0483326,-0.392545,-0.0151253,-0.232076,0.889845,0.0878855,-0.0383403,-0.00436723,0.331012,0.895081,-0.109171,0.278127
1756950774495,145,0,-0,0,-0.126883,-0.145079,-0.126503,0.973061,0.0827948,0.0733776,-0.0283743,0.619361,0.338078,-0.541115,-0.457436,0.146517,-0.0408586,0.0480525,-0.393171,-0.0162732,-0.231938,0.889576,0.0878426,-0.0383014,-0.00472248,0.326498,0.895434,-0.110339,0.281741
1756950774528,146,0,-0,0,-0.127342,-0.146204,-0.126296,0.97286,0.0830713,0.0734856,-0.02813,0.620755,0.338255,-0.538934,-0.458001,0.146325,-0.0407036,0.0489982,-0.394767,-0.0233379,-0.233287,0.888359,0.0881604,-0.0384086,-0.00456325,0.326668,0.894619,-0.110208,0.284194
1756950774561,147,0,-0,0,-0.127105,-0.14534,-0.12632,0.973017,0.0830081,0.0733752,-0.0280318,0.623417,0.340415,-0.538921,-0.452777,0.146366,-0.0407787,0.0488474,-0.393971,-0.0234739,-0.23365,0.888615,0.0883122,-0.0387036,-0.00488602,0.32717,0.893719,-0.11225,0.285657
1756950774594,148,0,-0,0,-0.124955,-0.144075,-0.124912,0.973667,0.0829269,0.0740014,-0.0278947,0.621707,0.34086,-0.537638,-0.456356,0.146537,-0.0406324,0.0484245,-0.392199,-0.0230948,-0.233086,0.889563,0.0887976,-0.038807,-0.00559499,0.320661,0.893772,-0.113515,0.292376
1756950774628,149,0,-0,0,-0.125157,-0.144291,-0.124675,0.973639,0.0822542,0.0740332,-0.027925,0.625016,0.343549,-0.538796,-0.44837,0.146397,-0.0407174,0.0487521,-0.393427,-0.0237915,-0.23552,0.888359,0.0897285,-0.0394724,-0.0059266,0.320281,0.888719,-0.118101,0.306036
1756950774661,150,0,-0,0,-0.122323,-0.143775,-0.12392,0.974172,0.0813745,0.0737007,-0.0276602,0.630922,0.35073,-0.541776,-0.43062,0.146086,-0.0410195,0.0495568,-0.392304,-0.0300543,-0.241428,0.887082,0.0925056,-0.0409146,-0.00719082,0.318464,0.875369,-0.124494,0.341818
1756950774694,151,0,-0,0,-0.117939,-0.142606,-0.122006,0.975125,0.080624,0.0743244,-0.0268245,0.63106,0.358169,-0.541247,-0.424894,0.146305,-0.0403377,0.0500503,-0.39189,-0.0332476,-0.24176,0.887057,0.0988108,-0.0447775,-0.00959203,0.312848,0.833312,-0.148999,0.430721
1756950774727,152,0,-0,0,-0.120802,-0.140065,-0.120835,0.975288,0.0801499,0.0742307,-0.0270806,0.632967,0.361202,-0.543446,-0.416594,0.146449,-0.0394868,0.0509775,-0.395338,-0.042051,-0.243334,0.884719,0.107226,-0.0510123,-0.0113067,0.304931,0.763271,-0.187857,0.537719
1756950774761,153,0,-0,0,-0.114493,-0.140782,-0.119102,0.976159,0.0797954,0.0754012,-0.0252819,0.629998,0.370498,-0.538821,-0.418916,0.146399,-0.0391254,0.0516567,-0.388883,-0.0451982,-0.245072,0.88694,0.11742,-0.0583001,-0.0112213,0.295951,0.676059,-0.218672,0.638376
1756950774794,154,0,-0,0,-0.102909,-0.135825,-0.113566,0.978807,0.0783932,0.0765529,-0.023984,0.624632,0.383181,-0.540809,-0.412924,0.147379,-0.0376988,0.0504498,-0.380057,-0.0503304,-0.236525,0.892789,0.132921,-0.0687451,0.000798712,0.24198,0.517109,-0.257496,0.779566
1756950774827,155,0,-0,0,-0.101083,-0.132462,-0.113516,0.979464,0.0780466,0.0766594,-0.0237808,0.625102,0.386669,-0.540783,-0.409008,0.147688,-0.0375544,0.0499684,-0.379238,-0.0532071,-0.234521,0.893503,0.140569,-0.0768441,0.0277465,0.125025,0.277273,-0.309542,0.900928
1756950774860,156,0,-0,0,-0.102676,-0.11873,-0.112811,0.981139,0.0777742,0.0773131,-0.0249839,0.614205,0.3831,-0.544508,-0.423628,0.149014,-0.0375106,0.046112,-0.385759,-0.0457166,-0.227486,0.892939,0.139409,-0.0807214,0.0459799,0.0214184,0.0853047,-0.356124,0.930287
1756950774894,157,0,-0,0,-0.105156,-0.10816,-0.109863,0.982432,0.0768167,0.0786576,-0.0248887,0.600907,0.388188,-0.547052,-0.434671,0.15023,-0.0364699,0.0432189,-0.393604,-0.0418494,-0.218497,0.891952,0.137793,-0.0799684,0.0558936,-0.0312719,-0.0360365,-0.367582,0.928765
1756950774927,158,0,-0,0,-0.113059,-0.0912086,-0.10734,0.983553,0.0753954,0.080026,-0.0241083,0.594072,0.402474,-0.545267,-0.433354,0.151359,-0.0351344,0.041147,-0.401523,-0.0426689,-0.218915,0.888279,0.136869,-0.0776787,0.061884,-0.0683253,-0.118436,-0.366786,0.920204
1756950774960,159,0,-0,0,-0.113788,-0.0838223,-0.105861,0.984287,0.074743,0.080319,-0.0243838,0.588201,0.404325,-0.548044,-0.436132,0.151915,-0.0348049,0.0394431,-0.401051,-0.0418306,-0.216245,0.889186,0.136571,-0.076862,0.0631836,-0.0869506,-0.149295,-0.366492,0.914242
1756950774993,160,0,-0,0,-0.105582,-0.0721813,-0.102994,0.986425,0.0736433,0.081353,-0.0238896,0.574878,0.409139,-0.550424,-0.446275,0.15278,-0.0346233,0.0362277,-0.393785,-0.0373993,-0.211918,0.89366,0.138129,-0.0772056,0.0592005,-0.0825485,-0.144003,-0.363783,0.916576
1756950775027,161,0,-0,0,-0.100122,-0.0661185,-0.101845,0.987538,0.073061,0.0817696,-0.023303,0.565158,0.412928,-0.552155,-0.452985,0.153047,-0.0348852,0.0346925,-0.390107,-0.0344746,-0.212676,0.895206,0.138696,-0.0776907,0.0570387,-0.0798149,-0.1398,-0.364367,0.917234
1756950775060,162,0,-0,0,-0.100756,-0.065004,-0.102243,0.987506,0.0732279,0.0817873,-0.0233859,0.562971,0.411594,-0.552229,-0.456814,0.152893,-0.0350579,0.0351183,-0.38832,-0.0380184,-0.216114,0.895015,0.138731,-0.0777612,0.0568601,-0.0814862,-0.140169,-0.364568,0.916951
1756950775093,163,0,-0,0,-0.104968,-0.0647493,-0.103331,0.986971,0.0738384,0.0816389,-0.0243504,0.563952,0.404103,-0.552175,-0.462356,0.152774,-0.0349874,0.0358127,-0.388012,-0.0414901,-0.218203,0.894492,0.138638,-0.0776303,0.057327,-0.0821719,-0.142637,-0.363895,0.91678
1756950775126,164,0,-0,0,-0.103857,-0.0621579,-0.103677,0.987219,0.0737463,0.081495,-0.0248429,0.564543,0.402475,-0.553581,-0.461348,0.152941,-0.0350092,0.0352194,-0.385129,-0.0407146,-0.217224,0.896007,0.138834,-0.0779616,0.0563857,-0.0844549,-0.142569,-0.36447,0.916352
1756950775160,165,0,-0,0,-0.102826,-0.0634967,-0.103897,0.987218,0.0738627,0.0815301,-0.0245842,0.564772,0.402913,-0.552646,-0.461799,0.152822,-0.0348481,0.0360054,-0.382914,-0.0456847,-0.217467,0.896657,0.138738,-0.078072,0.0565109,-0.0759394,-0.140352,-0.363768,0.917717
1756950775193,166,0,-0,0,-0.102266,-0.0661918,-0.104196,0.987068,0.0746299,0.0815421,-0.0247133,0.565144,0.39816,-0.550855,-0.4676,0.152577,-0.0348053,0.0370798,-0.381187,-0.0485413,-0.219648,0.896715,0.138793,-0.0781057,0.0565548,-0.0694288,-0.133377,-0.362773,0.919667
1756950775226,167,0,-0,0,-0.100362,-0.0672528,-0.105184,0.987087,0.0747131,0.0812926,-0.0244855,0.568372,0.399608,-0.549957,-0.463512,0.152407,-0.0351258,0.0374862,-0.376267,-0.0502977,-0.221099,0.89834,0.13856,-0.0787201,0.0562237,-0.069794,-0.128858,-0.365593,0.919169
1756950775259,168,0,-0,0,-0.0991443,-0.0685477,-0.105338,0.987105,0.0747471,0.0810365,-0.024571,0.571761,0.399666,-0.550089,-0.459086,0.152315,-0.0351764,0.0378211,-0.373664,-0.0505767,-0.221785,0.899238,0.138705,-0.0788409,0.0558514,-0.063456,-0.126127,-0.364165,0.92057
1756950775293,169,0,-0,0,-0.0979146,-0.0677633,-0.104493,0.987371,0.0745206,0.0810991,-0.0246649,0.57203,0.400348,-0.551007,-0.45704,0.152446,-0.0350125,0.037447,-0.37105,-0.0487512,-0.221002,0.900612,0.139125,-0.0789119,0.0547303,-0.0597767,-0.117623,-0.363821,0.922076
1756950775326,170,0,-0,0,-0.0956554,-0.0667344,-0.103129,0.987806,0.0741794,0.0814345,-0.0244622,0.569729,0.402064,-0.551602,-0.457717,0.152632,-0.0347475,0.0369384,-0.369205,-0.047536,-0.219256,0.901864,0.13976,-0.0790404,0.0529197,-0.0557257,-0.100933,-0.364035,0.924223
1756950775359,171,0,-0,0,-0.0905245,-0.0673439,-0.0983074,0.988739,0.0732591,0.0825125,-0.023549,0.564508,0.408249,-0.552136,-0.458021,0.152951,-0.0334962,0.0367733,-0.364517,-0.0488559,-0.214876,0.904745,0.1407,-0.0780902,0.0518922,-0.0524024,-0.0943594,-0.35992,0.926717
1756950775392,172,0,-0,0,-0.0839687,-0.0637532,-0.0904274,0.990307,0.0718299,0.0842895,-0.0229854,-0.553639,-0.412626,0.55452,0.464459,0.153748,-0.0314873,0.0351956,-0.359086,-0.0469719,-0.206446,0.908971,0.142429,-0.0764903,0.0495349,-0.0498293,-0.0852866,-0.353323,0.930271
1756950775425,173,0,-0,0,-0.0708165,-0.0598149,-0.0778346,0.992648,0.0690746,0.086364,-0.0214685,-0.541001,-0.427219,0.559522,0.460186,0.154917,-0.0280522,0.0331003,-0.349159,-0.0462261,-0.190916,0.916247,0.144906,-0.073889,0.0462636,-0.0398552,-0.0783174,-0.341386,0.935809
1756950775459,174,0,-0,0,-0.0546557,-0.0568318,-0.0591173,0.995132,0.0652249,0.0902148,-0.018464,-0.518601,-0.446936,0.562054,0.464125,0.156233,-0.0227079,0.0311596,-0.337521,-0.0467029,-0.169937,0.924674,0.148216,-0.0695267,0.0424457,-0.0188565,-0.0648952,-0.322682,0.944093
1756950775492,175,0,-0,0,-0.0379109,-0.0501676,-0.0247323,0.997714,0.0584971,0.0949601,-0.0167201,-0.493626,-0.470109,0.574803,0.452643,0.158111,-0.0119006,0.0280871,-0.323495,-0.052825,-0.128549,0.935964,0.153559,-0.060132,0.0375941,-0.0042446,-0.0489791,-0.289453,0.955927
1756950775525,176,0,-0,0,-0.0200962,-0.0444436,0.00177445,0.998808,0.0523782,0.0983834,-0.0149763,-0.471017,-0.487394,0.585029,0.445403,0.158944,-0.00377311,0.0258979,-0.306246,-0.0554843,-0.0987928,0.945188,0.15723,-0.0527215,0.0334929,0.0147416,-0.0372782,-0.262361,0.964139
1756950775558,177,0,-0,0,0.00817403,-0.0369955,0.0452577,0.998257,0.0425272,0.102918,-0.0109454,-0.433772,-0.520723,0.597567,0.428438,0.15914,0.0092416,0.0232901,-0.279257,-0.0583943,-0.0541992,0.956903,0.162,-0.0399302,0.0282188,0.0337855,-0.0168229,-0.219541,0.974872
1756950775591,178,0,-0,0,0.0309728,-0.0292217,0.0791895,0.99595,0.0344549,0.105841,-0.00763951,-0.401335,-0.544617,0.60724,0.416675,0.158552,0.0196078,0.0209158,-0.256494,-0.0542794,-0.0179993,0.964854,0.165095,-0.0290988,0.0238384,0.0575176,-0.00221393,-0.181818,0.981647
1756950775625,179,0,-0,0,0.0442272,-0.0254176,0.0998952,0.99369,0.0295742,0.106699,-0.00718661,-0.390151,-0.55715,0.615989,0.397401,0.157764,0.0259743,0.0200215,-0.243487,-0.056882,0.0048536,0.968223,0.166569,-0.0220688,0.0218335,0.0783516,0.00615826,-0.156319,0.984575
1756950775658,180,0,-0,0,0.0597786,-0.0167135,0.139953,0.98821,0.0203548,0.108758,-0.00624165,-0.359917,-0.572423,0.632804,0.377258,0.155399,0.0387452,0.0181745,-0.226042,-0.0577575,0.0492579,0.971155,0.168361,-0.00817212,0.0183032,0.0920164,0.0247912,-0.111468,0.989188
1756950775691,181,0,-0,0,0.0732414,-0.00400353,0.176518,0.981561,0.0115204,0.11003,-0.00527225,-0.328307,-0.584167,0.648484,0.361212,0.152382,0.0502875,0.0154803,-0.210195,-0.0544135,0.0896329,0.972021,0.168971,0.00468613,0.0138446,0.0997293,0.0406537,-0.0726107,0.991529
1756950775724,182,0,-0,0,0.0868707,0.00132341,0.204317,0.975043,0.00496019,0.110545,-0.00451166,-0.309429,-0.595202,0.658303,0.341554,0.149352,0.0588204,0.0152081,-0.196014,-0.0579712,0.119989,0.971505,0.168611,0.0144881,0.0120657,0.107222,0.0513024,-0.0417605,0.992032
1756950775757,183,0,-0,0,0.103056,0.0086426,0.239363,0.965406,-0.00296796,0.110936,-0.00295107,-0.283348,-0.607078,0.668432,0.323036,0.144787,0.0694202,0.0149604,-0.17839,-0.0616553,0.15837,0.969171,0.167273,0.0270315,0.00996568,0.118234,0.0601556,-0.0026765,0.991158
1756950775790,184,0,-0,0,0.115027,0.0129541,0.263695,0.957635,-0.00882958,0.111098,-0.00139413,-0.261174,-0.612661,0.676279,0.314748,0.141109,0.0765805,0.0154024,-0.164275,-0.0647009,0.184649,0.966815,0.165727,0.0359933,0.00901247,0.128737,0.069378,0.0269566,0.988881
1756950775823,185,0,-0,0,0.124667,0.00887869,0.278357,0.952311,-0.0127263,0.11082,-0.000858677,-0.246028,-0.612395,0.685612,0.307203,0.138366,0.0813155,0.0159281,-0.153972,-0.0640716,0.209418,0.963499,0.164344,0.0418785,0.00870381,0.131551,0.0716065,0.047051,0.9876
1756950775857,186,0,-0,0,0.132966,0.0122148,0.307652,0.942081,-0.0197569,0.110014,0.000539006,-0.223822,-0.62175,0.692488,0.289402,0.132947,0.0898082,0.0166931,-0.141572,-0.065212,0.241871,0.957705,0.161419,0.0520217,0.00855819,0.138204,0.0823444,0.0792486,0.983787
1756950775890,187,0,-0,0,0.13794,0.0133588,0.325933,0.935177,-0.0241431,0.109622,0.00137938,-0.211325,-0.625617,0.696582,0.28049,0.129273,0.0948967,0.0173952,-0.136897,-0.0692841,0.262053,0.952776,0.159135,0.0587116,0.00853655,0.14272,0.0949618,0.102766,0.979822
1756950775923,188,0,-0,0,0.146467,0.0140166,0.347474,0.926072,-0.0291096,0.108176,0.00295609,-0.195856,-0.637876,0.697196,0.262022,0.124663,0.100614,0.0189639,-0.125801,-0.0724809,0.285159,0.947419,0.156207,0.0659474,0.00905084,0.144818,0.101134,0.1266,0.9761
1756950775956,189,0,-0,0,0.152311,0.015461,0.359706,0.92042,-0.0319666,0.10738,0.00428047,-0.184525,-0.64357,0.697581,0.255221,0.121763,0.104027,0.0195414,-0.12115,-0.0728911,0.300718,0.943174,0.154345,0.0701934,0.00914727,0.145643,0.107637,0.141524,0.973228
1756950775989,190,0,-0,0,0.154857,0.0177757,0.370096,0.915822,-0.0345852,0.106928,0.00496915,-0.175879,-0.644469,0.699934,0.252593,0.119207,0.106992,0.0192125,-0.12053,-0.0722817,0.314638,0.938748,0.152526,0.0741197,0.0083933,0.145714,0.116506,0.155283,0.970093
1756950776022,191,0,-0,0,0.149227,0.018793,0.372843,0.91562,-0.0353048,0.106625,0.00356335,-0.175819,-0.640855,0.704878,0.248006,0.118519,0.107899,0.0183287,-0.126679,-0.0721349,0.317824,0.936874,0.15204,0.0751535,0.00794665,0.139723,0.117234,0.158073,0.970435
1756950776055,192,0,-0,0,0.140681,0.0173183,0.374593,0.916296,-0.0353799,0.10641,0.00138985,-0.180367,-0.63767,0.709414,0.240053,0.118084,0.108454,0.0178266,-0.135263,-0.0773756,0.319202,0.934791,0.151641,0.0759803,0.0080316,0.131055,0.116473,0.161115,0.971238
1756950776089,193,0,-0,0,0.134936,0.0116396,0.373734,0.917599,-0.0348777,0.106598,0.000156234,-0.18879,-0.637716,0.708751,0.235359,0.118221,0.108149,0.0187114,-0.14036,-0.0805877,0.317006,0.934515,0.151665,0.0757702,0.00926336,0.127024,0.119027,0.162336,0.971261
1756950776122,194,0,-0,0,0.128975,-0.00811875,0.371175,0.919522,-0.0337533,0.10729,-0.000808246,-0.206964,-0.640572,0.70267,0.23033,0.118281,0.107252,0.0226076,-0.148659,-0.0875399,0.314426,0.933471,0.15159,0.0749381,0.0134397,0.122292,0.121955,0.165005,0.971052
1756950776155,195,0,-0,0,0.127328,-0.0270353,0.367269,0.920958,-0.032475,0.107474,-0.000559023,-0.222919,-0.649497,0.69177,0.223338,0.117895,0.106913,0.0210986,-0.165876,-0.0335679,0.324552,0.930601,0.151684,0.0733337,0.017146,0.116695,0.129741,0.164326,0.970847
1756950776188,196,0,-0,0,0.120504,-0.0473621,0.360708,0.923649,-0.0308536,0.106773,-0.000548827,-0.242201,-0.664198,0.676106,0.207536,0.115964,0.105485,0.0108405,-0.209885,0.0991546,0.34192,0.91061,0.151396,0.0722511,0.0190073,0.0989317,0.153794,0.168108,0.968659
1756950776221,197,0,-0,0,0.116146,-0.054889,0.363297,0.922777,-0.0322296,0.10439,0.000117895,0.241901,0.680367,-0.665918,-0.187513,0.104634,0.10175,-0.0105111,-0.285194,0.329957,0.365441,0.822348,0.149396,0.0751288,0.0162821,0.084094,0.201708,0.184533,0.958223
1756950776254,198,0,-0,0,0.111674,-0.0752836,0.358409,0.923804,-0.0317446,0.103776,0.000290846,0.255001,0.688769,-0.654931,-0.178007,0.0889503,0.0882554,-0.0215444,-0.329211,0.579051,0.322214,0.672724,0.148367,0.0745076,0.0177091,0.0719574,0.222669,0.189006,0.953689
1756950776288,199,0,-0,0,0.108656,-0.100028,0.353134,0.923838,-0.03061,0.102617,3.71719e-05,0.273259,0.699539,-0.640795,-0.159091,0.0801433,0.0767406,-0.0169402,-0.323515,0.730724,0.238743,0.551666,0.146537,0.0741267,0.0192917,0.0594344,0.25315,0.197204,0.945245
1756950776321,200,0,-0,0,0.100656,-0.0986984,0.347338,0.927085,-0.029295,0.102285,-0.00163983,0.279629,0.694132,-0.644207,-0.158138,0.077448,0.0704105,-0.0159491,-0.325401,0.7965,0.180832,0.47647,0.145927,0.0734477,0.0138653,0.0405794,0.295421,0.195356,0.934301
1756950776354,201,0,-0,0,0.0965973,-0.100409,0.343114,0.928903,-0.0292092,0.101513,-0.00205825,0.278148,0.692295,-0.646836,-0.158027,0.0761284,0.0674401,-0.0151563,-0.330738,0.820132,0.158105,0.439326,0.144834,0.0732005,0.0102307,0.0332683,0.328622,0.19729,0.923027
1756950776387,202,0,-0,0,0.0923083,-0.104588,0.34026,0.929923,-0.028244,0.101404,-0.00247288,0.284297,0.694687,-0.643002,-0.151949,0.0754007,0.065745,-0.0143481,-0.338185,0.825405,0.150447,0.426214,0.144644,0.0722573,0.00971016,0.0256352,0.339158,0.193845,0.92018
1756950776420,203,0,-0,0,0.0905189,-0.103194,0.338856,0.930772,-0.0279705,0.101537,-0.00272982,0.284933,0.692226,-0.644629,-0.155254,0.0745944,0.0642748,-0.0144929,-0.344484,0.83569,0.139269,0.404439,0.143975,0.0720453,0.00707622,0.0208231,0.357719,0.193061,0.913419
1756950776453,204,0,-0,0,0.0892068,-0.104025,0.33731,0.931366,-0.0274582,0.101203,-0.00266301,0.28537,0.694075,-0.643153,-0.152232,0.0742622,0.0633613,-0.014223,-0.347011,0.838983,0.134544,0.39697,0.143674,0.0715612,0.00599355,0.0174543,0.37053,0.19139,0.90872
1756950776487,205,0,-0,0,0.0865379,-0.103676,0.33712,0.931729,-0.0276364,0.100598,-0.00306087,0.2837,0.693444,-0.645106,-0.150081,0.0737276,0.0625513,-0.0143141,-0.357554,0.839764,0.131245,0.386992,0.143331,0.0714579,0.00486098,0.0160548,0.379986,0.190031,0.905124
1756950776520,206,0,-0,0,0.0862811,-0.100881,0.336114,0.932417,-0.0276992,0.100274,-0.00301152,0.281091,0.692842,-0.646485,-0.151601,0.0733533,0.0619389,-0.0148091,-0.357578,0.844666,0.127444,0.377364,0.143164,0.0711724,0.00322042,0.015738,0.391863,0.188532,0.900357
1756950776553,207,0,-0,0,0.0855642,-0.101137,0.3354,0.932716,-0.0280262,0.0998877,-0.00291089,0.278304,0.692846,-0.647609,-0.152083,0.0731523,0.0615383,-0.0148103,-0.359405,0.846131,0.125802,0.372933,0.143024,0.0707684,0.00256747,0.0139509,0.397801,0.186464,0.898217
1756950776586,208,0,-0,0,0.086601,-0.0992165,0.334436,0.933177,-0.0259671,0.100039,-0.0038948,0.281678,0.688695,-0.651845,-0.146727,0.0739039,0.0617665,-0.0159356,-0.3569,0.849353,0.122177,0.369283,0.1428,0.0707097,0.00142654,0.0097339,0.401375,0.187272,0.896521
1756950776619,209,0,-0,0,0.0873477,-0.0997739,0.333601,0.933341,-0.0257696,0.100042,-0.00380208,0.28258,0.68873,-0.651247,-0.147241,0.0739983,0.0616024,-0.015795,-0.356684,0.849665,0.121925,0.36876,0.142595,0.0707144,0.00119911,0.0113973,0.405657,0.18857,0.89429
1756950776653,210,0,-0,0,0.0881471,-0.101148,0.33356,0.933135,-0.0257734,0.10014,-0.00344074,0.282248,0.689843,-0.65005,-0.148034,0.0740351,0.0615673,-0.015486,-0.356368,0.849267,0.121899,0.370018,0.142192,0.0710695,0.00120459,0.0113362,0.409536,0.191655,0.891867
1756950776686,211,0,-0,0,0.0889655,-0.101375,0.332914,0.933261,-0.0257478,0.100134,-0.00312474,0.281656,0.690832,-0.649056,-0.14881,0.0740376,0.0615587,-0.0153341,-0.356429,0.849777,0.122952,0.368397,0.14183,0.0715651,0.00103566,0.0153823,0.418903,0.196046,0.886481
1756950776719,212,0,-0,0,0.0904676,-0.102034,0.332843,0.933065,-0.0258497,0.100109,-0.00275599,0.280166,0.691377,-0.648769,-0.150137,0.0741154,0.0617192,-0.0150579,-0.356855,0.850278,0.123635,0.366518,0.14154,0.0720155,0.00117581,0.0210704,0.430459,0.199755,0.879966
1756950776752,213,0,-0,0,0.0898269,-0.100098,0.33255,0.933447,-0.0259025,0.100219,-0.00301448,0.278824,0.688464,-0.651753,-0.153313,0.0742056,0.0616303,-0.0154907,-0.353594,0.851905,0.121567,0.366691,0.141512,0.0720625,0.000501689,0.0272348,0.445364,0.199807,0.872347
1756950776785,214,0,-0,0,0.088507,-0.0997626,0.332332,0.933688,-0.0257463,0.100395,-0.00340864,0.281087,0.687107,-0.652197,-0.153414,0.0745581,0.0618694,-0.0156453,-0.356056,0.848465,0.124131,0.371411,0.141356,0.0720431,1.90139e-05,0.0294379,0.454283,0.199498,0.867738
1756950776819,215,0,-0,0,0.0853902,-0.0999227,0.332163,0.934017,-0.0272949,0.100019,-0.00293553,0.279642,0.691609,-0.647803,-0.154288,0.0744392,0.0616132,-0.015336,-0.362823,0.84127,0.128837,0.379477,0.14158,0.0718728,0.000184346,0.0323633,0.453863,0.197633,0.868271
1756950776852,216,0,-0,0,0.0836284,-0.0986336,0.332325,0.93426,-0.0267853,0.0998099,-0.00336686,0.280364,0.692349,-0.648001,-0.148909,0.0752425,0.0624924,-0.0160814,-0.362903,0.832512,0.137072,0.395561,0.14233,0.0719465,0.00119086,0.0346504,0.444405,0.197407,0.873123
1756950776885,217,0,-0,0,0.0811165,-0.0948957,0.332445,0.93482,-0.026864,0.0999647,-0.00362379,0.2785,0.690658,-0.650042,-0.151075,0.0770967,0.0642611,-0.0182324,-0.367818,0.811829,0.154805,0.426178,0.144085,0.0717417,0.00330276,0.0357485,0.417185,0.194798,0.886971
1756950776918,218,0,-0,0,0.077712,-0.0890843,0.331949,0.935858,-0.0269069,0.100723,-0.00346395,0.273053,0.6867,-0.654121,-0.161178,0.0809926,0.0697584,-0.0243944,-0.386855,0.731637,0.229344,0.512268,0.146837,0.0706575,0.00664924,0.0364438,0.369204,0.18636,0.909738
1756950776951,219,0,-0,0,0.0694081,-0.0704755,0.32846,0.939324,-0.026029,0.102434,-0.00479823,-0.265792,-0.669014,0.669051,0.184789,0.0928895,0.0811722,-0.0298632,-0.433848,0.518018,0.350685,0.648426,0.150118,0.0689722,0.0069383,0.031685,0.31452,0.173258,0.932767
1756950776985,220,0,-0,0,0.0668088,-0.0631997,0.32565,0.941007,-0.0256821,0.103819,-0.00528828,-0.261695,-0.656711,0.677704,0.202406,0.109558,0.0939903,-0.0160509,-0.365258,0.259033,0.38673,0.806183,0.152687,0.0664929,0.0100252,0.0323751,0.246919,0.157556,0.955594
1756950777018,221,0,-0,0,0.0634291,-0.067393,0.328154,0.940082,-0.025614,0.106217,-0.00583002,-0.264915,-0.645064,0.6826,0.21866,0.116823,0.0995686,-0.000794617,-0.339618,0.0713922,0.382471,0.856326,0.154211,0.064777,0.0185436,0.0398952,0.152982,0.143382,0.976959
1756950777051,222,0,-0,0,0.0572089,-0.06306,0.325076,0.941849,-0.0247418,0.106295,-0.00725158,-0.263992,-0.637705,0.689203,0.220593,0.120396,0.100412,0.00606049,-0.320871,-0.0114369,0.365934,0.873504,0.155446,0.0627121,0.0207721,0.0377363,0.101995,0.130521,0.985463
1756950777084,223,0,-0,0,0.0523289,-0.053561,0.32683,0.942109,-0.0251442,0.107013,-0.0079897,-0.253673,-0.624914,0.700143,0.23429,0.12191,0.101615,0.0103044,-0.299036,-0.0637912,0.351371,0.884893,0.156332,0.0611849,0.0221503,0.0344407,0.0501888,0.115208,0.991474
1756950777117,224,0,-0,0,0.0498669,-0.0490955,0.329546,0.941542,-0.0258434,0.107143,-0.00830697,-0.245197,-0.617837,0.707311,0.240535,0.122758,0.102168,0.0160474,-0.276159,-0.110752,0.331512,0.895303,0.156611,0.0601562,0.0234012,0.0359745,0.0234089,0.10399,0.993652
1756950777151,225,0,-0,0,0.0443154,-0.0449647,0.327885,0.942606,-0.0255009,0.107661,-0.00922767,-0.240765,-0.60618,0.715143,0.251292,0.123626,0.101681,0.0186876,-0.269279,-0.139604,0.318062,0.89824,0.157038,0.0592945,0.0234284,0.0308066,0.00831231,0.0982676,0.994648
1756950777184,226,0,-0,0,0.0392194,-0.0447051,0.330536,0.941921,-0.0254818,0.10792,-0.0103734,-0.241516,-0.601293,0.719013,0.251362,0.123183,0.102255,0.0209731,-0.262994,-0.161712,0.312385,0.898393,0.156704,0.0598357,0.0249566,0.030693,-0.011684,0.0977658,0.994668
1756950777217,227,0,-0,0,0.0374824,-0.0460231,0.334463,0.940543,-0.0262151,0.107973,-0.0108171,-0.24013,-0.598639,0.721873,0.250871,0.122171,0.103274,0.0229904,-0.256878,-0.176592,0.311761,0.89758,0.156132,0.0609628,0.0258844,0.0324165,-0.0210707,0.10054,0.994182
1756950777250,228,0,-0,0,0.0324504,-0.0440265,0.333445,0.941184,-0.0260738,0.108391,-0.0118801,-0.240803,-0.589983,0.726531,0.257132,0.122412,0.103227,0.0220123,-0.260136,-0.174409,0.311312,0.897219,0.156309,0.0607871,0.0252189,0.0257116,-0.0267447,0.0988986,0.994406
1756950777284,229,0,-0,0,0.0314903,-0.0442278,0.337005,0.939939,-0.0268087,0.108286,-0.0125696,-0.241994,-0.587958,0.72869,0.254554,0.121646,0.10414,0.0219065,-0.26015,-0.174102,0.31435,0.896217,0.155821,0.0619906,0.0252908,0.0283382,-0.0285001,0.102624,0.993908
1756950777317,230,0,-0,0,0.0306704,-0.047674,0.339974,0.938722,-0.0272375,0.107669,-0.0128305,-0.244068,-0.593596,0.726909,0.244214,0.121051,0.104657,0.0222884,-0.263008,-0.173023,0.31515,0.895299,0.155337,0.0627153,0.0257011,0.023603,-0.0221366,0.104221,0.994027
1756950777350,231,0,-0,0,0.0265495,-0.0482711,0.338958,0.939191,-0.0268806,0.10776,-0.0135983,-0.245011,-0.589508,0.729502,0.245615,0.121285,0.104498,0.0213914,-0.268857,-0.166639,0.314888,0.894877,0.155275,0.0635972,0.0220615,0.0125606,0.0173067,0.11018,0.993682
1756950777383,232,0,-0,0,0.0220338,-0.0550882,0.339033,0.938903,-0.0267808,0.108045,-0.0142801,-0.250222,-0.587602,0.729462,0.244974,0.120927,0.104645,0.0223526,-0.274372,-0.166959,0.314627,0.893229,0.154284,0.0650351,0.0160209,-0.00525405,0.105379,0.11928,0.987239
1756950777416,233,0,-0,0,0.0206438,-0.0612095,0.339146,0.938516,-0.026687,0.108235,-0.0144715,-0.255056,-0.588449,0.727667,0.243329,0.120698,0.104549,0.0238412,-0.273363,-0.167484,0.31216,0.894308,0.151083,0.0671784,0.00453456,-0.0247435,0.253134,0.13433,0.957742
1756950777449,234,0,-0,0,0.0168371,-0.0677775,0.337472,0.938739,-0.0260147,0.108018,-0.0154932,-0.262798,-0.587597,0.727096,0.238667,0.121038,0.103763,0.0252335,-0.278328,-0.17034,0.305316,0.89459,0.143344,0.0679331,-0.0114807,-0.0309925,0.445182,0.143002,0.883398
1756950777483,235,0,-0,0,0.0139888,-0.0769802,0.336648,0.938374,-0.0251983,0.107806,-0.0160043,-0.271918,-0.592562,0.722666,0.229511,0.120915,0.103258,0.0276891,-0.280666,-0.175728,0.298892,0.89499,0.128307,0.0649023,-0.0284311,-0.0182363,0.666842,0.12483,0.734437
1756950777516,236,0,-0,0,0.010164,-0.102006,0.335961,0.936279,-0.0247126,0.10785,-0.016148,-0.287416,-0.60107,0.713583,0.216527,0.119896,0.102366,0.034134,-0.286792,-0.19344,0.287353,0.893171,0.109091,0.0596312,-0.0270173,-0.0341865,0.806648,0.106057,0.580413
1756950777549,237,0,-0,0,0.00653843,-0.113422,0.334569,0.935493,-0.024498,0.108103,-0.0165705,-0.293716,-0.599855,0.712288,0.215621,0.11986,0.101574,0.0356658,-0.297302,-0.192534,0.281745,0.89171,0.0983808,0.0559352,-0.02157,-0.0800521,0.879798,0.0944672,0.458875
1756950777582,238,0,-0,0,0.00722264,-0.129797,0.333807,0.933636,-0.024194,0.10804,-0.0162394,-0.303447,-0.607107,0.704849,0.20628,0.119157,0.100945,0.0384088,-0.304417,-0.192881,0.279484,0.889956,0.0925171,0.0541182,-0.016807,-0.105738,0.909547,0.0897013,0.391816
1756950777615,239,0,-0,0,0.00751666,-0.139,0.334057,0.932217,-0.0247986,0.108161,-0.0161819,-0.304641,-0.605174,0.705536,0.207802,0.118706,0.100642,0.0394897,-0.306174,-0.190012,0.279619,0.889925,0.0880401,0.0526264,-0.0141425,-0.124408,0.927775,0.0833318,0.341782
1756950777649,240,0,-0,0,0.00486414,-0.146836,0.331912,0.931803,-0.0239432,0.107551,-0.0169037,-0.313773,-0.609114,0.701405,0.196457,0.118784,0.0998846,0.0402927,-0.312387,-0.187404,0.276391,0.889333,0.0856907,0.0510173,-0.0121918,-0.131978,0.93429,0.0759613,0.322418
1756950777682,241,0,-0,0,0.00419624,-0.148746,0.330511,0.932,-0.0240089,0.107606,-0.0170784,-0.314868,-0.606741,0.702286,0.198857,0.11918,0.0993433,0.039482,-0.317551,-0.178915,0.276122,0.889334,0.0833023,0.049782,-0.0116455,-0.137872,0.943379,0.0700913,0.293499
1756950777715,242,0,-0,0,0.00359362,-0.152757,0.32955,0.931694,-0.0241597,0.107713,-0.0169579,-0.315378,-0.606913,0.701808,0.199225,0.119219,0.0989387,0.0395394,-0.320485,-0.17315,0.275339,0.889666,0.082325,0.049218,-0.0106473,-0.138428,0.946542,0.0676147,0.283472
1756950777748,243,0,-0,0,0.00227512,-0.151664,0.328112,0.932383,-0.0240138,0.107461,-0.0171769,-0.315543,-0.607283,0.70199,0.197171,0.119727,0.0985917,0.037872,-0.323411,-0.162964,0.277557,0.889841,0.0817985,0.0485934,-0.010649,-0.144253,0.948578,0.0649787,0.274219
1756950777781,244,0,-0,0,0.000744275,-0.15028,0.326551,0.933159,-0.023655,0.10736,-0.0175116,-0.316943,-0.606607,0.702157,0.196448,0.120173,0.0982725,0.0371229,-0.321687,-0.15865,0.277483,0.89127,0.0813784,0.0481348,-0.0107679,-0.143496,0.951205,0.0628305,0.265915
1756950777815,245,0,-0,0,0.00105107,-0.149548,0.326153,0.933409,-0.0235399,0.107334,-0.0174818,-0.317404,-0.607081,0.701571,0.19611,0.120428,0.0980061,0.0366803,-0.32272,-0.155708,0.27671,0.891642,0.0811312,0.0481092,-0.0108012,-0.143666,0.952582,0.0635454,0.260509
1756950777848,246,0,-0,0,0.00132635,-0.148298,0.325123,0.933968,-0.0233956,0.107254,-0.0174383,-0.316305,-0.606067,0.702541,0.197599,0.120873,0.0975474,0.0362115,-0.323662,-0.15277,0.274896,0.892374,0.0808,0.0478563,-0.0110009,-0.143214,0.954082,0.0634757,0.25527
1756950777881,247,0,-0,0,0.00202885,-0.147457,0.324551,0.934303,-0.0232973,0.106926,-0.0171485,-0.316283,-0.610498,0.700092,0.192733,0.121149,0.0972451,0.0359621,-0.320593,-0.151162,0.27432,0.893937,0.08058,0.047632,-0.011094,-0.142632,0.954756,0.0631265,0.253237
1756950777914,248,0,-0,0,0.0026909,-0.146993,0.324542,0.934376,-0.0231899,0.106958,-0.0171593,-0.31734,-0.610838,0.699411,0.192366,0.121166,0.0972539,0.0358777,-0.319216,-0.14936,0.274502,0.894675,0.0804747,0.0476035,-0.011162,-0.143793,0.955544,0.0631844,0.249548
1756950777947,249,0,-0,0,0.0052032,-0.146956,0.324882,0.934254,-0.0235486,0.107533,-0.0166109,-0.314995,-0.608408,0.700382,0.200239,0.121015,0.0973852,0.0358523,-0.316339,-0.14444,0.275925,0.896067,0.0804493,0.0478274,-0.0111139,-0.150271,0.955563,0.0664001,0.244791
1756950777981,250,0,-0,0,0.00641017,-0.145743,0.325046,0.934378,-0.0234726,0.106963,-0.0165034,-0.315277,-0.612814,0.698319,0.19341,0.121065,0.0974232,0.0351843,-0.319705,-0.141979,0.277838,0.894671,0.0804666,0.0478944,-0.0112699,-0.149703,0.955667,0.0672497,0.244468
1756950778014,251,0,-0,0,0.00723242,-0.143963,0.325318,0.934553,-0.0236771,0.107045,-0.0162774,-0.313881,-0.613503,0.698085,0.194334,0.121134,0.0975005,0.0345002,-0.317539,-0.137652,0.279454,0.895614,0.0807448,0.0481253,-0.01156,-0.149809,0.955342,0.068741,0.245252
1756950778047,252,0,-0,0,0.00840109,-0.143719,0.326586,0.934141,-0.0238394,0.106615,-0.0161326,-0.314928,-0.618787,0.694992,0.186893,0.120898,0.0977787,0.034541,-0.317146,-0.139033,0.280858,0.895104,0.08122,0.0485177,-0.0116804,-0.150128,0.953526,0.0701561,0.251688
1756950778080,253,0,-0,0,0.00951066,-0.141698,0.328268,0.933847,-0.0240524,0.10648,-0.0159374,-0.31416,-0.621929,0.693422,0.183505,0.120724,0.0981582,0.0339579,-0.317883,-0.134751,0.282013,0.895132,0.0820022,0.0492911,-0.012509,-0.147643,0.949636,0.0741584,0.26626
1756950778113,254,0,-0,0,0.0125082,-0.132899,0.328842,0.934902,-0.0243233,0.106114,-0.0156275,-0.310961,-0.625067,0.692631,0.181202,0.121337,0.098135,0.0319896,-0.319631,-0.127859,0.282089,0.895493,0.0873018,0.0515836,-0.0168606,-0.132201,0.929014,0.0868013,0.334514
1756950778146,255,0,-0,0,0.0180891,-0.111785,0.329466,0.937349,-0.0248105,0.105455,-0.0148868,-0.299348,-0.626828,0.695415,0.183941,0.122905,0.0978738,0.0291891,-0.310484,-0.124937,0.276308,0.900908,0.0974623,0.0555448,-0.0250277,-0.0938836,0.879008,0.104353,0.455631
1756950778180,256,0,-0,0,0.0233128,-0.0989187,0.332388,0.937651,-0.0250994,0.105233,-0.0140105,-0.292415,-0.628149,0.695961,0.188574,0.123331,0.0981769,0.0285461,-0.302482,-0.129603,0.27123,0.904512,0.118827,0.0642785,-0.0287111,-0.0365487,0.741246,0.136401,0.656211
1756950778213,257,0,-0,0,0.0317045,-0.0872564,0.337817,0.936619,-0.0264764,0.104744,-0.012571,-0.281337,-0.633828,0.695433,0.188281,0.122592,0.0996954,0.0292938,-0.280991,-0.143772,0.274038,0.908443,0.139924,0.0715677,-0.00877004,-0.0140329,0.495407,0.17245,0.851248
1756950778246,258,0,-0,0,0.0360349,-0.0787647,0.338531,0.936958,-0.0271048,0.104893,-0.0115789,-0.273026,-0.633019,0.69729,0.196234,0.122598,0.100005,0.0302038,-0.262332,-0.154954,0.272303,0.912698,0.149701,0.0714632,0.0121136,0.00321585,0.269329,0.17067,0.947798
1756950778279,259,0,-0,0,0.0364699,-0.071764,0.342037,0.936233,-0.0275213,0.104972,-0.0113142,-0.267542,-0.634077,0.698336,0.196738,0.122193,0.100766,0.0301611,-0.254998,-0.165448,0.272045,0.913015,0.151516,0.0710563,0.0196276,0.0194654,0.173731,0.164217,0.97081
1756950778312,260,0,-0,0,0.0371526,-0.0675997,0.344014,0.935791,-0.0278489,0.10516,-0.0109254,-0.264315,-0.635676,0.697837,0.197673,0.122116,0.100563,0.0316968,-0.244411,-0.180693,0.264004,0.915377,0.152469,0.0695504,0.0264248,0.0336282,0.0851139,0.152611,0.98404
1756950778345,261,0,-0,0,0.0410436,-0.0622386,0.343923,0.936036,-0.0280173,0.105923,-0.00968692,-0.257173,-0.633562,0.698978,0.209574,0.122405,0.10039,0.0312943,-0.238081,-0.181668,0.263273,0.917065,0.15315,0.0678505,0.0289269,0.0384153,0.037639,0.141549,0.98847
1756950778378,262,0,-0,0,0.0459147,-0.0592204,0.346297,0.935124,-0.0287222,0.105914,-0.00863436,-0.250454,-0.634824,0.699231,0.212849,0.122038,0.100919,0.0310704,-0.233595,-0.178771,0.265821,0.918044,0.153189,0.0674752,0.0298745,0.0486762,0.0226782,0.137783,0.989005
1756950778411,263,0,-0,0,0.0479209,-0.0575992,0.346623,0.935011,-0.0289221,0.106,-0.00814311,-0.248138,-0.635604,0.698834,0.214739,0.122049,0.100991,0.0308321,-0.230842,-0.176157,0.266585,0.919033,0.153322,0.0669404,0.0305987,0.0512079,0.00721542,0.134021,0.989629
1756950778444,264,0,-0,0,0.0496631,-0.052069,0.348733,0.934461,-0.0295301,0.105892,-0.00786079,-0.242956,-0.635117,0.700602,0.216392,0.121887,0.101594,0.0294678,-0.22974,-0.173272,0.269926,0.918885,0.153391,0.0673808,0.0291095,0.0516885,0.00902471,0.133809,0.989618
1756950778478,265,0,-0,0,0.0527461,-0.0501916,0.351215,0.933461,-0.0298341,0.105595,-0.00754108,-0.241011,-0.638463,0.699437,0.212346,0.12145,0.102104,0.0295339,-0.225277,-0.173752,0.271803,0.919341,0.153169,0.0680507,0.0286623,0.0545883,0.0132489,0.136089,0.989103
1756950778511,266,0,-0,0,0.053598,-0.0506197,0.356366,0.931427,-0.0302192,0.106101,-0.00857394,-0.247573,-0.639086,0.698642,0.205179,0.120231,0.103427,0.0299653,-0.222608,-0.176631,0.276746,0.917957,0.152401,0.0696019,0.0289474,0.0553398,0.0135248,0.141012,0.988367
1756950778544,267,0,-0,0,0.0530941,-0.0482396,0.355424,0.931948,-0.0275626,0.108475,-0.0131991,-0.279247,-0.625635,0.700077,0.201214,0.120439,0.103399,0.0293646,-0.220054,-0.171448,0.277105,0.919453,0.152666,0.0693116,0.0282635,0.0555651,0.0187386,0.139841,0.988436
1756950778577,268,0,-0,0,0.0538325,-0.0482609,0.356031,0.931675,-0.0239469,0.11004,-0.0189936,-0.324516,-0.619643,0.692621,0.17618,0.120286,0.103521,0.0296061,-0.218553,-0.172516,0.277417,0.91952,0.152579,0.069474,0.028378,0.0569019,0.0207969,0.140698,0.988198
1756950778610,269,0,-0,0,0.0552833,-0.0497881,0.354623,0.932043,-0.0135736,0.107166,-0.030975,-0.43718,-0.63159,0.639549,0.0303139,0.120396,0.103119,0.0307021,-0.215357,-0.174991,0.27508,0.920503,0.152652,0.0691783,0.0289925,0.0582584,0.0219625,0.141331,0.988002
1756950778643,270,0,-0,0,0.0549734,-0.0513474,0.351375,0.933212,-0.00198403,0.0974735,-0.0392823,0.510597,0.607102,-0.586062,0.165219,0.120792,0.102506,0.0314474,-0.215285,-0.176324,0.27283,0.920942,0.152936,0.0684836,0.0296182,0.0572476,0.0197981,0.140731,0.988194
1756950778676,271,0,-0,0,0.0522657,-0.0530445,0.346186,0.93521,0.00625998,0.085201,-0.0429014,-0.290513,0.600888,0.538436,0.51447,0.121551,0.101495,0.0320511,-0.215844,-0.176824,0.268804,0.9219,0.153462,0.0672545,0.0301476,0.0578883,0.0170896,0.138344,0.988544
1756950778709,272,0,-0,0,0.0493996,-0.0567668,0.341651,0.936809,0.0116587,0.0725635,-0.0448692,-0.380867,0.634805,0.45505,0.494866,0.121913,0.10073,0.0333661,-0.211595,-0.179626,0.266628,0.922969,0.153855,0.0659202,0.0311538,0.0587809,0.010832,0.134601,0.989096
1756950778742,273,0,-0,0,0.0490024,-0.0594294,0.336297,0.938598,0.0133786,0.0651053,-0.0432873,-0.415586,0.666966,0.405547,0.466842,0.122444,0.0997701,0.034593,-0.209475,-0.181642,0.26413,0.923773,0.154344,0.0647323,0.0314743,0.0577203,0.0132853,0.133155,0.989323
1756950778775,274,0,-0,0,0.0474415,-0.0629189,0.332534,0.93979,0.0136939,0.0639981,-0.042779,-0.408159,0.684688,0.395725,0.456022,0.12256,0.0993441,0.0356691,-0.210243,-0.18453,0.264187,0.923007,0.154406,0.0645766,0.0320614,0.0620937,0.014791,0.137193,0.988485
1756950778809,275,0,-0,0,0.0512854,-0.0642801,0.326939,0.94146,0.0156698,0.062609,-0.040727,-0.385385,0.716887,0.373626,0.444903,0.122444,0.0993231,0.0367078,-0.207458,-0.182887,0.271571,0.921824,0.154558,0.0647125,0.0325034,0.0608903,0.0173097,0.146132,0.987237
1756950778842,276,0,-0,0,0.0560305,-0.0641281,0.320801,0.943311,0.0180489,0.0620488,-0.0390673,-0.36529,0.735089,0.357971,0.445045,0.122538,0.0991499,0.0372336,-0.204776,-0.181813,0.279587,0.92024,0.154946,0.0643937,0.0322632,0.0583411,0.0240067,0.15245,0.986296
1756950778875,277,0,-0,0,0.0596448,-0.0660804,0.318806,0.943634,0.0196966,0.0621321,-0.0375422,-0.348418,0.745105,0.350883,0.44761,0.121562,0.0999571,0.0384423,-0.198817,-0.182326,0.290883,0.917947,0.154709,0.0649647,0.0329902,0.0628712,0.0238163,0.160619,0.984725
1756950778908,278,0,-0,0,0.0639977,-0.0713435,0.315837,0.943964,0.0216431,0.0618235,-0.0371348,-0.334592,0.753756,0.338626,0.453086,0.121488,0.0997228,0.0392354,-0.201271,-0.183188,0.296044,0.915588,0.154464,0.0653554,0.0331473,0.061831,0.0272226,0.168066,0.983459
1756950778941,279,0,-0,0,0.0657064,-0.0698317,0.313932,0.944588,0.0231267,0.0607488,-0.0367927,-0.327715,0.759414,0.325165,0.458368,0.121493,0.0998852,0.0387553,-0.202953,-0.176386,0.299951,0.915268,0.154607,0.0655411,0.0319807,0.0610422,0.0357294,0.171474,0.982645
1756950778974,280,0,-0,0,0.0676346,-0.0712358,0.313165,0.944604,0.0243026,0.0599737,-0.0364487,-0.324397,0.762174,0.314288,0.463741,0.12125,0.100027,0.0390986,-0.203435,-0.173738,0.30287,0.91471,0.154534,0.0655835,0.032221,0.0657257,0.0381272,0.173868,0.981833
1756950779007,281,0,-0,0,0.067368,-0.07307,0.312255,0.944787,0.0251825,0.0591644,-0.03627,-0.318264,0.765073,0.305772,0.468942,0.120879,0.100371,0.0392834,-0.204186,-0.16772,0.306991,0.914298,0.154307,0.0660234,0.0324299,0.068167,0.0400986,0.178471,0.980762
1756950779040,282,0,-0,0,0.0674632,-0.0731184,0.312473,0.944699,0.0258538,0.0577541,-0.0361801,-0.321276,0.767429,0.292,0.471718,0.120535,0.100878,0.0389289,-0.205355,-0.16203,0.311301,0.913596,0.154192,0.0663888,0.0320358,0.067534,0.0471273,0.180823,0.980061
1756950779074,283,0,-0,0,0.0671923,-0.0750387,0.312086,0.944699,0.0265514,0.0573043,-0.0360138,-0.316403,0.768818,0.286202,0.476332,0.120275,0.101066,0.0391607,-0.209901,-0.160436,0.312724,0.912362,0.15396,0.0668168,0.0319365,0.0655264,0.0518634,0.18428,0.979315
1756950779107,284,0,-0,0,0.0649409,-0.0771041,0.312394,0.94459,0.0271664,0.0569338,-0.0359189,-0.316905,0.768531,0.280139,0.480071,0.119976,0.101387,0.0391754,-0.213426,-0.156235,0.313946,0.911856,0.153711,0.0671736,0.0322005,0.0629963,0.0558921,0.186231,0.97889
1756950779140,285,0,-0,0,0.0625783,-0.0769016,0.312007,0.944888,0.0278254,0.0554947,-0.035895,-0.322273,0.769444,0.26581,0.483088,0.120115,0.101454,0.0385079,-0.216758,-0.152593,0.314157,0.911605,0.153746,0.0672193,0.031706,0.0565548,0.0605323,0.185853,0.979078
1756950779173,286,0,-0,0,0.0621011,-0.0772234,0.311942,0.944923,0.0281487,0.0548732,-0.0359826,-0.323056,0.770636,0.259108,0.48443,0.120095,0.101615,0.0380538,-0.21986,-0.149823,0.315745,0.910786,0.153632,0.067523,0.0314533,0.0552461,0.0632761,0.187792,0.978612
1756950779206,287,0,-0,0,0.0610696,-0.0784298,0.312258,0.94478,0.0284283,0.054394,-0.0359586,-0.32736,0.768001,0.254172,0.488234,0.119885,0.101852,0.0379881,-0.221787,-0.146181,0.316929,0.910489,0.153507,0.067648,0.0316853,0.0544023,0.0637716,0.188204,0.978545
1756950779240,288,0,-0,0,0.0588896,-0.0770582,0.311593,0.945257,0.0286801,0.0538041,-0.0363,-0.331627,0.769271,0.247125,0.487072,0.120099,0.101946,0.0369716,-0.22416,-0.140512,0.318103,0.910402,0.153676,0.0675293,0.0310548,0.0523307,0.0655043,0.187088,0.97876
1756950779273,289,0,-0,0,0.0582845,-0.0760096,0.310961,0.945582,0.028695,0.0535532,-0.0365795,-0.332314,0.768435,0.245977,0.488409,0.120293,0.101915,0.0363433,-0.225125,-0.136753,0.318687,0.910522,0.153798,0.0674348,0.030614,0.0518946,0.0662368,0.186688,0.978809
1756950779306,290,0,-0,0,0.0576146,-0.0742843,0.310664,0.945858,0.0286839,0.0534171,-0.0369732,-0.332723,0.768762,0.244958,0.488127,0.12043,0.102126,0.0350653,-0.227917,-0.129287,0.321398,0.909965,0.153919,0.0674369,0.030005,0.0549314,0.0691729,0.186778,0.978422
1756950779339,291,0,-0,0,0.0575787,-0.0695886,0.309658,0.94655,0.0283583,0.0535171,-0.0375859,-0.329055,0.772628,0.247219,0.483391,0.120909,0.102204,0.0328509,-0.230069,-0.115674,0.324207,0.910264,0.154289,0.0673038,0.0281715,0.0459026,0.0769509,0.185388,0.978572
1756950779372,292,0,-0,0,0.0588954,-0.0689279,0.309502,0.946566,0.0281353,0.0542907,-0.0379753,-0.324184,0.771032,0.255392,0.484947,0.120984,0.102196,0.0324533,-0.230518,-0.112819,0.325226,0.910142,0.154313,0.0673426,0.0278434,0.0468692,0.0791152,0.186066,0.978224
1756950779406,293,0,-0,0,0.0606594,-0.0668344,0.309983,0.946449,0.0281219,0.054828,-0.0384715,-0.322696,0.765494,0.261136,0.49164,0.121063,0.102296,0.0317371,-0.228352,-0.105765,0.326495,0.911083,0.154385,0.0674308,0.0271424,0.0445182,0.0812978,0.185863,0.978194
1756950779439,294,0,-0,0,0.0591581,-0.0627905,0.311256,0.946404,0.0269156,0.0601012,-0.0410731,-0.299109,0.750624,0.306935,0.502906,0.121059,0.102739,0.0302694,-0.229537,-0.100892,0.328388,0.910659,0.154407,0.0679126,0.025775,0.0391942,0.0895901,0.186288,0.977617
1756950779472,295,0,-0,0,0.0468162,-0.0566567,0.305941,0.949208,0.0259193,0.0743956,-0.0454283,-0.548135,-0.401142,0.709439,-0.187891,0.12269,0.101532,0.0283151,-0.240957,-0.0990733,0.317038,0.911924,0.155465,0.0663699,0.0244679,0.0297821,0.0901077,0.177846,0.979471
1756950779505,296,0,-0,0,0.0286877,-0.0499505,0.305578,0.950424,0.0135977,0.0974961,-0.0436509,-0.509939,-0.496483,0.698579,0.0740302,0.124509,0.100342,0.0250022,-0.254638,-0.107189,0.302165,0.912344,0.156699,0.063865,0.0227074,0.0149749,0.0816258,0.154577,0.98449
1756950779539,297,0,-0,0,0.0227017,-0.040744,0.313608,0.948407,0.000748368,0.103318,-0.0380554,-0.416637,-0.506126,0.731902,0.185981,0.125212,0.100171,0.0219818,-0.254723,-0.108522,0.290818,0.915843,0.156824,0.0638687,0.0198955,0.0117594,0.0841467,0.141979,0.986217
1756950779572,298,0,-0,0,0.0205789,-0.0287867,0.317998,0.947432,-0.0101027,0.105238,-0.0299536,-0.342708,-0.532193,0.740998,0.224188,0.126338,0.0993594,0.0181153,-0.251022,-0.105082,0.282356,0.919904,0.1574,0.0627093,0.0162978,0.0147442,0.0879585,0.127044,0.98788
1756950779605,299,0,-0,0,0.00879343,-0.0135402,0.317269,0.948199,-0.0148131,0.105298,-0.0264752,-0.309223,-0.546112,0.741968,0.235894,0.127969,0.0979824,0.0117895,-0.265023,-0.0901356,0.273818,0.920145,0.158245,0.0611978,0.0116174,0.00426162,0.0955897,0.11358,0.988911
1756950779638,300,0,-0,0,0.00154336,-0.0087148,0.319923,0.947404,-0.0162399,0.10586,-0.0264179,-0.301554,-0.543391,0.744565,0.243796,0.127637,0.0986227,0.00947158,-0.269004,-0.084547,0.27614,0.918825,0.158086,0.0617485,0.0101514,-0.00221472,0.0986232,0.112238,0.988773
1756950779671,301,0,-0,0,-0.00265707,-0.00387168,0.321017,0.947064,-0.0167804,0.106014,-0.0269294,-0.301439,-0.545658,0.744279,0.239748,0.127638,0.0987488,0.00745569,-0.268087,-0.0758607,0.276541,0.919732,0.158086,0.0618899,0.00854843,-0.00790833,0.0987158,0.110658,0.988913
1756950779705,302,0,-0,0,-0.00914213,0.00204552,0.319412,0.947568,-0.0156734,0.106595,-0.0295732,-0.311834,-0.539675,0.745749,0.235247,0.12814,0.098221,0.00496187,-0.273529,-0.0708213,0.275417,0.918862,0.158373,0.0613744,0.00647912,-0.0146022,0.105147,0.10757,0.988514
1756950779738,303,0,-0,0,-0.0160689,0.00210545,0.321786,0.946674,-0.0156262,0.106548,-0.032133,-0.323233,-0.535199,0.746971,0.226113,0.127799,0.098643,0.00397827,-0.281606,-0.0698205,0.275649,0.916429,0.158032,0.0622411,0.00627628,-0.0208356,0.107306,0.109195,0.987992
1756950779771,304,0,-0,0,-0.0166287,-0.00213919,0.322175,0.946532,-0.0150752,0.10672,-0.0329418,-0.332319,-0.536176,0.744184,0.21972,0.127795,0.0985442,0.00493607,-0.28304,-0.0707447,0.273397,0.916591,0.157862,0.0624597,0.0071311,-0.0208847,0.110044,0.11019,0.987579
1756950779804,305,0,-0,0,-0.0171698,-0.0164607,0.3231,0.946064,-0.0138668,0.106718,-0.0334969,-0.350156,-0.543921,0.734953,0.203378,0.127619,0.0983847,0.00902946,-0.283534,-0.0798714,0.266587,0.917691,0.157346,0.063108,0.0114618,-0.0231868,0.0999732,0.113538,0.988219
1756950779837,306,0,-0,0,-0.0170821,-0.0349954,0.325099,0.944881,-0.0131476,0.106941,-0.0331025,-0.36441,-0.553144,0.724597,0.190394,0.126914,0.0985271,0.0151399,-0.280863,-0.100275,0.259199,0.918633,0.1565,0.0637664,0.0172622,-0.0193692,0.0881114,0.116428,0.989094
1756950779871,307,0,-0,0,-0.011118,-0.0698959,0.329136,0.941626,-0.0120559,0.107674,-0.0307641,-0.385193,-0.573703,0.70266,0.169579,0.124611,0.0989252,0.0270354,-0.270723,-0.140131,0.249717,0.919083,0.154345,0.0647232,0.0289346,-0.00785199,0.053742,0.122498,0.990981
1756950779904,308,0,-0,0,-0.00302939,-0.102579,0.331186,0.937971,-0.0109859,0.108273,-0.028131,-0.404076,-0.5922,0.680556,0.151333,0.121947,0.0984611,0.0385355,-0.255059,-0.175269,0.239289,0.920311,0.151931,0.0644736,0.039939,0.00705856,0.0265946,0.125713,0.991685
1756950779937,309,0,-0,0,0.0123999,-0.155231,0.333426,0.929819,-0.0100013,0.109325,-0.0221287,-0.427248,-0.625831,0.640531,0.124216,0.116442,0.0965862,0.0561833,-0.233932,-0.229166,0.222809,0.918204,0.146693,0.0631429,0.0576822,0.0361339,-0.0238948,0.132516,0.990233
1756950779970,310,0,-0,0,0.0212727,-0.18505,0.334702,0.923729,-0.0103757,0.11032,-0.0183602,0.436522,0.642381,-0.618639,-0.118609,0.112518,0.0949665,0.0660255,-0.219262,-0.260457,0.213046,0.915803,0.142883,0.0616845,0.0679609,0.051866,-0.0590411,0.134496,0.987793
1756950780003,311,0,-0,0,0.0351984,-0.230658,0.334922,0.9129,-0.0109199,0.111123,-0.0123662,0.450858,0.669418,-0.581511,-0.102251,0.105712,0.0917153,0.0802897,-0.199183,-0.306971,0.199064,0.909103,0.136151,0.058817,0.0828044,0.0760478,-0.100645,0.140289,0.982042
1756950780037,312,0,-0,0,0.0529369,-0.290391,0.332597,0.895688,-0.0114083,0.111562,-0.00505519,0.473274,0.69944,-0.529877,-0.0778078,0.0953143,0.0862167,0.097557,-0.171365,-0.360355,0.182641,0.89857,0.125854,0.0534375,0.100796,0.105664,-0.157416,0.145737,0.970988
1756950780070,313,0,-0,0,0.0625443,-0.320133,0.330764,0.88555,-0.0125042,0.111704,-0.000899361,0.48054,0.714988,-0.503,-0.0697579,0.0894838,0.0827586,0.105724,-0.156413,-0.386794,0.173806,0.89203,0.119986,0.0500696,0.109336,0.12098,-0.186131,0.148271,0.963709
1756950780103,314,0,-0,0,0.0855948,-0.385357,0.325041,0.859369,-0.0152959,0.110805,0.00768479,0.498193,0.746507,-0.439038,-0.041936,0.0751324,0.0735195,0.122405,-0.124457,-0.445876,0.152197,0.873233,0.105406,0.0411009,0.126803,0.157389,-0.245431,0.155987,0.943747
1756950780136,315,0,-0,0,0.0971857,-0.417481,0.321356,0.844389,-0.0167954,0.109918,0.0115128,0.507829,0.759474,-0.405764,-0.0257147,0.0672502,0.0682538,0.129823,-0.112247,-0.476463,0.139049,0.860841,0.0973616,0.0363705,0.134538,0.174234,-0.272039,0.163031,0.932232
1756950780169,316,0,-0,0,0.109824,-0.446735,0.317071,0.829354,-0.0190325,0.108396,0.0151297,0.512734,0.772858,-0.373767,-0.00905516,0.0596738,0.0627224,0.136184,-0.0937769,-0.501201,0.130253,0.850314,0.0898679,0.0307689,0.14099,0.191877,-0.300914,0.164567,0.919538
1756950780203,317,0,-0,0,0.122191,-0.46839,0.312549,0.817308,-0.0201767,0.106632,0.0175632,0.520806,0.780482,-0.345764,0.00738388,0.0539769,0.0574654,0.140814,-0.0779944,-0.518925,0.120865,0.84263,0.0841374,0.02564,0.145527,0.207783,-0.319472,0.166821,0.909359
1756950780236,318,0,-0,0,0.140956,-0.488483,0.308563,0.80392,-0.0236541,0.104628,0.0219934,0.51394,0.796478,-0.318297,0.012088,0.0482164,0.0508095,0.145399,-0.0512269,-0.53875,0.113073,0.833262,0.0789902,0.0193997,0.149323,0.230467,-0.334574,0.169623,0.897867
1756950780269,319,0,-0,0,0.157954,-0.498487,0.306473,0.795372,-0.0267691,0.101879,0.0245388,0.504497,0.809503,-0.299527,0.0209976,0.0452431,0.0459378,0.147975,-0.0287135,-0.547886,0.110919,0.828661,0.0767315,0.0152626,0.150988,0.24752,-0.340704,0.173574,0.890235
1756950780302,320,0,-0,0,0.17946,-0.502287,0.306369,0.788429,-0.0307295,0.098526,0.0279423,0.486304,0.826621,-0.282128,0.0240512,0.0441697,0.0411328,0.149699,-0.00731965,-0.551099,0.108297,0.827341,0.0763855,0.0116419,0.15152,0.26733,-0.34244,0.178995,0.882735
1756950780335,321,0,-0,0,0.19517,-0.505024,0.305877,0.783135,-0.0333668,0.0953635,0.030216,0.472664,0.838832,-0.268436,0.0298872,0.0436801,0.0372468,0.150822,0.00936772,-0.552826,0.104233,0.826699,0.0761882,0.00876494,0.151837,0.282313,-0.342734,0.182616,0.877203
1756950780368,322,0,-0,0,0.206872,-0.506636,0.305306,0.77928,-0.0344379,0.0941515,0.0322617,0.467677,0.84451,-0.25951,0.0261033,0.043354,0.0345421,0.151551,0.0225932,-0.552513,0.104049,0.82666,0.0762307,0.00657233,0.151924,0.293504,-0.342656,0.184626,0.87312
1756950780402,323,0,-0,0,0.215766,-0.504596,0.306269,0.777828,-0.035209,0.0927901,0.0335243,0.461684,0.84916,-0.254952,0.0274892,0.0438961,0.0332685,0.151694,0.0302853,-0.551451,0.105322,0.826972,0.0773832,0.00588568,0.151331,0.300761,-0.338776,0.186596,0.871751
1756950780435,324,0,-0,0,0.226697,-0.50298,0.307124,0.775432,-0.0362941,0.0916379,0.035303,0.454129,0.854674,-0.250457,0.0238802,0.0443352,0.031506,0.151955,0.0409335,-0.547971,0.107328,0.828573,0.0784547,0.0047505,0.150782,0.310315,-0.330675,0.190953,0.870572
1756950780468,325,0,-0,0,0.232267,-0.500165,0.308353,0.775087,-0.0370799,0.0911067,0.0359647,0.447693,0.857803,-0.251505,0.0205301,0.0451372,0.0310057,0.151808,0.0472368,-0.545759,0.109717,0.829366,0.0794581,0.00456715,0.15025,0.315052,-0.326825,0.192696,0.869927
1756950780501,326,0,-0,0,0.236959,-0.496468,0.310479,0.775214,-0.0375825,0.0911013,0.0360354,0.443904,0.858773,-0.255145,0.0182528,0.0461321,0.0308544,0.151522,0.0521854,-0.542014,0.111495,0.831297,0.0805855,0.00484703,0.149641,0.31918,-0.317858,0.197152,0.870754
1756950780535,327,0,-0,0,0.23923,-0.49678,0.310996,0.77412,-0.0376314,0.0918628,0.0359465,0.446682,0.85722,-0.255673,0.0168303,0.0460281,0.0303802,0.151641,0.0552681,-0.542117,0.111532,0.831033,0.0807156,0.004743,0.149527,0.321168,-0.315493,0.198689,0.870539
1756950780568,328,0,-0,0,0.242728,-0.497322,0.310735,0.772787,-0.0334553,0.0956274,0.0360754,0.478123,0.841037,-0.252879,0.0104897,0.0458863,0.0295096,0.15186,0.0604479,-0.541417,0.112161,0.831044,0.080797,0.00420574,0.149482,0.32419,-0.314268,0.199943,0.869574
1756950780601,329,0,-0,0,0.247621,-0.496829,0.310015,0.771828,-0.0272311,0.0993225,0.0378737,0.526575,0.819963,-0.223869,0.0154466,0.0462666,0.0284581,0.15194,0.0641902,-0.541102,0.110924,0.831128,0.081285,0.00337289,0.14923,0.32893,-0.314629,0.199393,0.867784
1756950780634,330,0,-0,0,0.253851,-0.49882,0.308382,0.76918,-0.0170027,0.100129,0.0383714,0.607709,0.773898,-0.162849,0.0724519,0.0458303,0.0267419,0.152415,0.0681065,-0.543721,0.108933,0.829374,0.0810385,0.00168654,0.149417,0.334662,-0.316109,0.199379,0.865057
1756950780668,331,0,-0,0,0.261147,-0.500271,0.310266,0.765033,-0.00896374,0.0968715,0.0385383,0.674126,0.714556,-0.106078,0.154029,0.0449539,0.0255633,0.152903,0.074578,-0.544043,0.111523,0.828266,0.0805103,0.000817722,0.149735,0.341043,-0.315002,0.204326,0.861811
1756950780701,332,0,-0,0,0.262119,-0.501033,0.308446,0.764951,0.00461541,0.0887685,0.0372611,0.752135,0.600557,-0.106279,0.249739,0.044767,0.025115,0.153078,0.0716953,-0.547719,0.109297,0.8264,0.080693,0.000355532,0.14961,0.3403,-0.31271,0.203733,0.863085
1756950780734,333,0,-0,0,0.265463,-0.503536,0.310011,0.761482,0.00855319,0.0811756,0.0334742,-0.305335,0.160326,0.542564,0.765945,0.043365,0.0245598,0.153605,0.0735783,-0.550323,0.111533,0.824184,0.0798891,0.000409946,0.150008,0.340292,-0.313689,0.207688,0.861776
1756950780767,334,0,-0,0,0.266306,-0.503656,0.308688,0.76168,0.00994069,0.0764836,0.0310557,-0.329877,0.204233,0.515717,0.763897,0.0430567,0.0245714,0.153773,0.0713711,-0.550853,0.113805,0.823734,0.0800007,0.000513257,0.149978,0.334931,-0.314174,0.20681,0.863922
1756950780800,335,0,-0,0,0.263174,-0.504052,0.292149,0.769,0.0113634,0.07302,0.0307033,-0.318519,0.280085,0.517532,0.743174,0.0443317,0.0232331,0.15381,0.0557117,-0.548296,0.106727,0.82759,0.0805312,-0.00190288,0.150054,0.322668,-0.323108,0.197698,0.867422
1756950780833,336,0,-0,0,0.269684,-0.50235,0.292606,0.767681,0.0111303,0.0702853,0.0350141,-0.298967,0.303731,0.523396,0.737881,0.0432648,0.0235642,0.154201,0.0517993,-0.549345,0.116668,0.825803,0.0797962,-0.00078805,0.15076,0.319182,-0.323705,0.213516,0.864736
1756950780867,337,0,-0,0,0.273265,-0.500191,0.29069,0.768532,0.0129316,0.0698707,0.0376037,-0.270793,0.329743,0.530357,0.732578,0.0433162,0.0246093,0.15409,0.045248,-0.550107,0.128393,0.823927,0.0800344,0.000457802,0.150735,0.31059,-0.326049,0.220372,0.865255
1756950780900,338,0,-0,0,0.271543,-0.497644,0.289413,0.771258,0.0144125,0.0691616,0.038933,-0.251809,0.350346,0.534094,0.727029,0.0435165,0.0257966,0.153866,0.0388855,-0.548634,0.133522,0.824409,0.0803553,0.00166386,0.150636,0.30246,-0.324335,0.223879,0.867868
1756950780933,339,0,-0,0,0.275355,-0.49615,0.293561,0.769316,0.014315,0.0687082,0.039812,-0.244912,0.355987,0.53834,0.72353,0.0429303,0.0262549,0.153966,0.0422996,-0.548388,0.14048,0.823258,0.0801815,0.00282231,0.150726,0.302849,-0.321829,0.231843,0.866581
1756950780966,340,0,-0,0,0.273755,-0.494289,0.292885,0.771316,0.0155096,0.0680383,0.0400076,-0.237554,0.367595,0.534317,0.723126,0.0434047,0.0270056,0.153701,0.0392908,-0.546358,0.14285,0.824333,0.0806009,0.00379846,0.15048,0.298249,-0.318538,0.234648,0.868625
1756950780999,341,0,-0,0,0.274337,-0.491057,0.294903,0.772438,0.0159791,0.0678638,0.0405112,-0.229799,0.374154,0.537177,0.720193,0.0438248,0.0282376,0.15337,0.0381092,-0.540669,0.150476,0.8268,0.0812309,0.00497627,0.150127,0.296364,-0.314876,0.238114,0.869675
1756950781033,342,0,-0,0,0.275763,-0.49023,0.297812,0.77132,0.0157871,0.0675511,0.0405021,-0.22908,0.378387,0.538233,0.71739,0.0433413,0.0290933,0.153339,0.0390875,-0.538896,0.158494,0.826403,0.0810799,0.00608909,0.150133,0.29563,-0.312045,0.244139,0.869267
1756950781066,343,0,-0,0,0.27498,-0.487883,0.299899,0.77227,0.0159769,0.0675562,0.0406172,-0.226912,0.381858,0.53884,0.715769,0.043645,0.0305733,0.15295,0.0354649,-0.535592,0.165003,0.827434,0.0814582,0.00722687,0.149875,0.293637,-0.30727,0.247563,0.870671
1756950781099,344,0,-0,0,0.276702,-0.489246,0.30079,0.770436,0.0156786,0.0673769,0.0413973,-0.223375,0.380912,0.543265,0.714028,0.0430828,0.0307405,0.153056,0.0342344,-0.535787,0.168668,0.826616,0.0811604,0.00721076,0.149971,0.294762,-0.305042,0.250156,0.87033
1756950781132,345,0,-0,0,0.276622,-0.490327,0.301861,0.769364,0.0154928,0.0672981,0.0416957,-0.22453,0.379317,0.542738,0.714922,0.0425804,0.0313435,0.153056,0.0308014,-0.534092,0.172368,0.827088,0.0807164,0.0074526,0.150176,0.294032,-0.303404,0.252572,0.870454
1756950781165,346,0,-0,0,0.276852,-0.490077,0.302779,0.769099,0.0153165,0.0673799,0.041701,-0.224823,0.377803,0.543667,0.714955,0.042499,0.0316964,0.153003,0.0302378,-0.533247,0.174613,0.827195,0.0807868,0.00785088,0.150086,0.29352,-0.301533,0.254028,0.870861
1756950781198,347,0,-0,0,0.276876,-0.49274,0.302433,0.767511,0.0153987,0.0672497,0.0420779,-0.224882,0.374025,0.540743,0.719109,0.0417669,0.0311965,0.153303,0.0292451,-0.534989,0.172208,0.826602,0.0801315,0.00741766,0.150418,0.290573,-0.303518,0.251986,0.871747
1756950781232,348,0,-0,0,0.276682,-0.493179,0.303428,0.766917,0.0152816,0.0672037,0.0419837,-0.228595,0.373112,0.537704,0.720706,0.0415205,0.0313382,0.153343,0.0283833,-0.536538,0.171746,0.82573,0.0798525,0.00782101,0.150528,0.289142,-0.300755,0.254837,0.872356
1756950781265,349,0,-0,0,0.276221,-0.495904,0.303297,0.765376,0.0152327,0.067199,0.0413797,-0.23368,0.368925,0.531534,0.72579,0.040713,0.0309565,0.153637,0.0282171,-0.539353,0.170158,0.82423,0.0789614,0.00755439,0.151002,0.291993,-0.302669,0.257627,0.869922
1756950781298,350,0,-0,0,0.272478,-0.502146,0.301288,0.763414,0.0154101,0.0672827,0.0396087,-0.252911,0.357061,0.510074,0.740496,0.0393238,0.0301095,0.154164,0.0269936,-0.545916,0.163692,0.821239,0.0773974,0.00644993,0.151817,0.292205,-0.306094,0.255325,0.869321
1756950781331,351,0,-0,0,0.263342,-0.505757,0.30208,0.763957,0.0164889,0.0685344,0.036071,-0.272996,0.34266,0.4856,0.756487,0.0385287,0.0305747,0.154298,0.0247742,-0.549759,0.155742,0.820311,0.0764803,0.00707288,0.152171,0.289175,-0.306071,0.252103,0.871293
1756950781365,352,0,-0,0,0.256165,-0.509837,0.302362,0.76356,0.018095,0.070489,0.0340324,-0.281869,0.312087,0.468784,0.776784,0.0377327,0.0297956,0.154643,0.027981,-0.558544,0.142421,0.816678,0.0757319,0.00608712,0.152507,0.290226,-0.312042,0.239916,0.872261
1756950781398,353,0,-0,0,0.24403,-0.514901,0.304337,0.763333,0.0190253,0.0828286,0.0346355,-0.255558,0.205443,0.506303,0.797571,0.0362941,0.0284268,0.155149,0.0400693,-0.574377,0.1216,0.808504,0.0748247,0.00565711,0.152728,0.294489,-0.312608,0.228803,0.873607
1756950781431,354,0,-0,0,0.232582,-0.509231,0.305564,0.770209,0.0158538,0.0913865,0.0355675,0.784007,0.561399,-0.153593,0.215815,0.0371127,0.028603,0.154777,0.0463271,-0.579079,0.105824,0.807046,0.075959,0.00597329,0.152261,0.29517,-0.312214,0.217307,0.876456
1756950781464,355,0,-0,0,0.230469,-0.504192,0.308539,0.772957,0.00604386,0.102713,0.0354299,0.714452,0.6699,-0.177283,0.0966391,0.036844,0.0257026,0.154934,0.0697347,-0.596095,0.083549,0.795496,0.0764815,0.00594744,0.152145,0.298893,-0.320925,0.210111,0.873794
1756950781497,356,0,-0,0,0.230941,-0.497001,0.314568,0.775052,-0.0151902,0.102271,0.0337457,0.579832,0.774667,-0.251757,0.017546,0.0369059,0.0209961,0.15459,0.108039,-0.617186,0.051101,0.777689,0.077855,0.00539666,0.151435,0.314405,-0.330067,0.199976,0.867304
1756950781531,357,0,-0,0,0.232581,-0.490586,0.31467,0.778596,-0.0254159,0.0956822,0.0338318,0.513884,0.816672,-0.261546,0.0236662,0.0381386,0.0184801,0.153971,0.121124,-0.625204,0.0308338,0.770387,0.079619,0.00428854,0.150555,0.320979,-0.334159,0.189458,0.865687
1756950781564,358,0,-0,0,0.232889,-0.487774,0.315556,0.779922,-0.0283712,0.0929658,0.0343374,0.493073,0.830171,-0.258711,0.0280338,0.0382783,0.0174185,0.153696,0.129061,-0.630156,0.0228568,0.765337,0.0801441,0.00304979,0.150253,0.325743,-0.343809,0.177548,0.862654
1756950781597,359,0,-0,0,0.229678,-0.487232,0.315271,0.781316,-0.0316878,0.0900004,0.0340264,0.46907,0.844065,-0.257645,0.03381,0.0380987,0.0169982,0.153502,0.131935,-0.632643,0.016661,0.762939,0.0803072,0.0030841,0.150101,0.321546,-0.344341,0.172107,0.86511
1756950781630,360,0,-0,0,0.224716,-0.486006,0.31399,0.784048,-0.031227,0.090429,0.033422,0.47028,0.842377,-0.261013,0.0338006,0.0386151,0.0177259,0.153226,0.127437,-0.632257,0.0142046,0.764089,0.0806243,0.00356107,0.149915,0.317211,-0.344566,0.168952,0.867247
1756950781664,361,0,-0,0,0.22577,-0.487198,0.314085,0.782965,-0.0318147,0.09016,0.0335728,0.467956,0.84427,-0.258973,0.0344406,0.0384144,0.0172029,0.153302,0.129456,-0.632425,0.0126261,0.763636,0.0802917,0.00314699,0.15009,0.318924,-0.345761,0.168837,0.866164
1756950781697,362,0,-0,0,0.22454,-0.488826,0.311495,0.783332,-0.031421,0.0903076,0.0336207,0.469781,0.843209,-0.259116,0.0342961,0.0397568,0.0192167,0.15333,0.113068,-0.622436,0.0221512,0.774149,0.0802382,0.00241948,0.150085,0.318373,-0.346991,0.165084,0.866595
1756950781730,363,0,-0,0,0.226831,-0.488865,0.310669,0.782971,-0.0312466,0.0901344,0.0339347,0.470163,0.843094,-0.258575,0.0357503,0.0441251,0.0246451,0.152466,0.0820356,-0.582533,0.0544976,0.806818,0.0807961,0.00228692,0.149744,0.321728,-0.344207,0.166764,0.866142
1756950781763,364,0,-0,0,0.231592,-0.49168,0.309419,0.780303,-0.0321758,0.0902425,0.0344805,0.466256,0.845459,-0.258965,0.0271433,0.050382,0.0303909,0.149793,0.0433673,-0.517991,0.0889672,0.849639,0.0814289,0.00177883,0.149203,0.323969,-0.338393,0.166728,0.867603
1756950781797,365,0,-0,0,0.231375,-0.492841,0.307156,0.780537,-0.0322578,0.0900757,0.0347403,0.466059,0.846452,-0.256242,0.0257435,0.0616225,0.0418957,0.139932,-0.0240236,-0.36668,0.155275,0.916985,0.0820476,0.00158356,0.148723,0.319388,-0.334493,0.162648,0.871583
1756950781830,366,0,-0,0,0.229151,-0.490876,0.310602,0.781049,-0.0320055,0.0900245,0.0343693,0.467756,0.845491,-0.255704,0.0305676,0.0724899,0.05714,0.114567,-0.131258,-0.0840052,0.243342,0.957338,0.0833591,0.00502224,0.14768,0.31286,-0.31763,0.173689,0.878096
1756950781863,367,0,-0,0,0.228043,-0.494309,0.309859,0.779532,-0.0318079,0.0898546,0.0341595,0.470432,0.844546,-0.253884,0.0319559,0.0720275,0.0595577,0.0979334,-0.161496,0.11663,0.275973,0.940298,0.0844314,0.00746344,0.146421,0.299355,-0.290902,0.182918,0.890121
1756950781896,368,0,-0,0,0.227846,-0.493896,0.310763,0.779457,-0.0308698,0.0891627,0.0340448,0.476005,0.842448,-0.2492,0.0395051,0.0653853,0.0559261,0.0832087,-0.153294,0.363392,0.28362,0.874068,0.0868859,0.0124743,0.143681,0.281515,-0.244313,0.204217,0.905178
1756950781929,369,0,-0,0,0.228572,-0.491736,0.313637,0.779475,-0.0306192,0.0883807,0.0337492,0.475669,0.842102,-0.249937,0.0461823,0.0630728,0.0535995,0.0781802,-0.1697,0.448199,0.265701,0.836494,0.0891057,0.017478,0.140676,0.265318,-0.20171,0.223576,0.915933
1756950781963,370,0,-0,0,0.22824,-0.493391,0.312561,0.778984,-0.0302053,0.0875482,0.033413,0.477206,0.841269,-0.248876,0.0515631,0.062108,0.0519004,0.0762438,-0.187194,0.473374,0.252204,0.82298,0.0896391,0.0194482,0.139375,0.251596,-0.178321,0.232354,0.922455
1756950781996,371,0,-0,0,0.227322,-0.49476,0.315829,0.777057,-0.0308287,0.0870434,0.0331329,0.473834,0.842761,-0.24923,0.0562428,0.060324,0.050695,0.0724785,-0.219412,0.512352,0.234916,0.796363,0.0903451,0.0228534,0.137094,0.232781,-0.143336,0.242629,0.930809
1756950782029,372,0,-0,0,0.227711,-0.494123,0.318242,0.776352,-0.029611,0.0870365,0.0333763,0.47509,0.838892,-0.258975,0.0591465,0.0600191,0.0512727,0.0710158,-0.229641,0.527303,0.233755,0.783955,0.0906343,0.025735,0.135639,0.217979,-0.128888,0.251035,0.934268
1756950782062,373,0,-0,0,0.228369,-0.496649,0.318774,0.774334,-0.0303495,0.0863408,0.0333721,0.47169,0.841393,-0.256378,0.0622181,0.0590146,0.0506555,0.0707819,-0.239386,0.531281,0.230724,0.779245,0.0899385,0.0263364,0.135704,0.211938,-0.125961,0.254594,0.935095
1756950782096,374,0,-0,0,0.227382,-0.495634,0.321107,0.774329,-0.0309143,0.085875,0.0329706,0.467879,0.843208,-0.256902,0.0645508,0.0584333,0.0507932,0.0700551,-0.24701,0.539683,0.227887,0.771911,0.0901035,0.027954,0.13492,0.20457,-0.117175,0.258325,0.936856
1756950782129,375,0,-0,0,0.228668,-0.496015,0.321785,0.773421,-0.0312731,0.0853298,0.0331441,0.465689,0.844836,-0.25474,0.0675261,0.0580177,0.0507011,0.0699505,-0.250199,0.544379,0.227921,0.767561,0.0899878,0.0283822,0.134724,0.20638,-0.112332,0.263063,0.935733
1756950782162,376,0,-0,0,0.228982,-0.495704,0.322427,0.773234,-0.0314485,0.0851808,0.0331538,0.463886,0.845528,-0.255602,0.0675825,0.0578596,0.0508255,0.0699129,-0.255707,0.541394,0.228617,0.767624,0.0900219,0.0286762,0.134563,0.205982,-0.110415,0.264323,0.935689
1756950782195,377,0,-0,0,0.227298,-0.493872,0.321886,0.775101,-0.0308732,0.0854287,0.0329377,0.466064,0.84381,-0.257438,0.0666584,0.0582602,0.0509394,0.0695312,-0.251717,0.547341,0.227006,0.765172,0.0906094,0.0289982,0.134088,0.2041,-0.108033,0.262999,0.936748
1756950782228,378,0,-0,0,0.226391,-0.496533,0.319977,0.774487,-0.0305329,0.0855095,0.0330613,0.469526,0.842625,-0.254834,0.0678845,0.0581529,0.0505141,0.0699537,-0.250362,0.546417,0.225438,0.766772,0.0901514,0.0284121,0.134483,0.206707,-0.109042,0.263392,0.935954
1756950782262,379,0,-0,0,0.225484,-0.495524,0.321042,0.774939,-0.0306068,0.0855942,0.0327878,0.468205,0.842528,-0.257496,0.0678619,0.0581906,0.0507936,0.0697494,-0.249427,0.548499,0.225046,0.765686,0.0901986,0.0292642,0.134204,0.207117,-0.106003,0.267103,0.935157
1756950782295,380,0,-0,0,0.225098,-0.495171,0.32053,0.77549,-0.0302098,0.0856064,0.032697,0.469512,0.841189,-0.258986,0.0697774,0.0584786,0.050797,0.0698363,-0.249457,0.549634,0.223541,0.765304,0.0903221,0.0293402,0.134109,0.203754,-0.101156,0.267582,0.936296
1756950782328,381,0,-0,0,0.224044,-0.4964,0.320834,0.77488,-0.0302603,0.0860711,0.0323493,0.471507,0.84018,-0.259163,0.0677335,0.058355,0.0508992,0.0699935,-0.253106,0.543457,0.223273,0.768586,0.0899337,0.0293652,0.134346,0.206419,-0.0997861,0.269622,0.935272
1756950782361,382,0,-0,0,0.223387,-0.495008,0.321199,0.775804,-0.0298519,0.0866405,0.0322701,0.474018,0.83826,-0.260939,0.0670858,0.0586476,0.0512157,0.0697924,-0.250586,0.544395,0.223927,0.768552,0.090246,0.0297689,0.134047,0.209317,-0.0973271,0.271678,0.934291
1756950782395,383,0,-0,0,0.2218,-0.493628,0.321337,0.777113,-0.0299273,0.0871427,0.0318577,0.473449,0.837723,-0.264139,0.0658461,0.0596261,0.0523805,0.0701428,-0.250487,0.528881,0.228928,0.77792,0.0904491,0.0299262,0.134064,0.208675,-0.100751,0.269759,0.934633
1756950782428,384,0,-0,0,0.220105,-0.493231,0.321636,0.777733,-0.0302131,0.088357,0.0315651,0.474293,0.837004,-0.266253,0.060343,0.0609329,0.0551359,0.0722762,-0.23999,0.483709,0.249264,0.803947,0.0897985,0.0290334,0.135468,0.217034,-0.112345,0.268851,0.931667
1756950782461,385,0,-0,0,0.213934,-0.488295,0.318936,0.783634,-0.0312364,0.0891723,0.0306494,0.468626,0.840031,-0.267882,0.0545891,0.0666043,0.0609126,0.0771482,-0.265295,0.329199,0.273426,0.863994,0.0895889,0.0256443,0.138232,0.228198,-0.143911,0.252211,0.929304
1756950782494,386,0,-0,0,0.212718,-0.481592,0.318651,0.788221,-0.0331741,0.0905039,0.0312211,0.453102,0.845982,-0.278729,0.036595,0.0723593,0.0662765,0.104762,-0.241848,-0.0783682,0.268646,0.929086,0.0881387,0.0196624,0.142409,0.254499,-0.210615,0.224208,0.916845
1756950782527,387,0,-0,0,0.210664,-0.475337,0.316918,0.793241,-0.0350682,0.0917475,0.0315024,0.435286,0.850063,-0.296254,0.0118716,0.0654307,0.0609469,0.127917,-0.149129,-0.350182,0.227284,0.896366,0.0874625,0.0141251,0.14453,0.278163,-0.277595,0.188352,0.900049
1756950782560,388,0,-0,0,0.206507,-0.474513,0.316515,0.795012,-0.0355846,0.0929618,0.0316573,0.429612,0.849672,-0.305854,-0.000451842,0.0596323,0.056498,0.136719,-0.108207,-0.461042,0.194965,0.858918,0.0861259,0.0114792,0.14587,0.287934,-0.313611,0.169292,0.888874
1756950782594,389,0,-0,0,0.202619,-0.473904,0.317505,0.795938,-0.0368851,0.0940736,0.0319154,0.41803,0.850242,-0.319422,-0.0158296,0.0527812,0.0522151,0.143215,-0.070677,-0.546289,0.166713,0.817772,0.0842013,0.00920586,0.147354,0.295969,-0.35988,0.148036,0.872327
1756950782627,390,0,-0,0,0.200218,-0.47444,0.316516,0.79664,-0.0369972,0.0949873,0.0322159,0.414753,0.848947,-0.326594,-0.0245505,0.049963,0.0494489,0.14564,-0.0532216,-0.574882,0.149218,0.802752,0.0836928,0.00838863,0.147698,0.292962,-0.371036,0.138953,0.87017
1756950782660,391,0,-0,0,0.196696,-0.476722,0.316954,0.79599,-0.0371355,0.0964703,0.0318228,0.414779,0.845106,-0.335425,-0.0355691,0.0469987,0.0472351,0.147498,-0.0383314,-0.597529,0.134505,0.789564,0.0822673,0.00794392,0.148543,0.295813,-0.383731,0.135846,0.864175
1756950782693,392,0,-0,0,0.195512,-0.478039,0.317235,0.795379,-0.037426,0.0966375,0.0318281,0.413371,0.845263,-0.336675,-0.0364116,0.0440443,0.0444349,0.149248,-0.0176628,-0.617912,0.12089,0.776707,0.0819479,0.00733699,0.148623,0.292607,-0.390519,0.12717,0.863546
1756950782726,393,0,-0,0,0.195197,-0.478626,0.316717,0.795324,-0.0374506,0.0968334,0.0319222,0.412961,0.844977,-0.337762,-0.03813,0.0438213,0.044012,0.149427,-0.016933,-0.620391,0.11794,0.775215,0.0819051,0.00701145,0.148626,0.292036,-0.394872,0.123348,0.862321
1756950782759,394,0,-0,0,0.193472,-0.479409,0.316214,0.795451,-0.0369386,0.0976591,0.0316087,0.417144,0.842118,-0.339354,-0.0407773,0.0432222,0.0435311,0.149701,-0.0171892,-0.62334,0.112536,0.773618,0.0816292,0.00692131,0.148758,0.290319,-0.398928,0.120611,0.861407
1756950782793,395,0,-0,0,0.19288,-0.482369,0.315129,0.794204,-0.0358176,0.0984181,0.0313223,0.426085,0.83826,-0.337657,-0.0409032,0.0422398,0.04286,0.150154,-0.0150013,-0.626013,0.110652,0.771738,0.0807901,0.0063261,0.149226,0.290336,-0.403211,0.119049,0.859606
1756950782826,396,0,-0,0,0.191923,-0.483316,0.313259,0.794621,-0.035077,0.0988134,0.0312017,0.430669,0.836093,-0.337145,-0.0421715,0.0421912,0.0424612,0.150282,-0.0145491,-0.626102,0.108896,0.77195,0.0821031,0.00703543,0.148281,0.285869,-0.38741,0.121357,0.868018
1756950782859,397,0,-0,0,0.19217,-0.483598,0.312405,0.794723,-0.034467,0.0987947,0.0313218,0.434903,0.83579,-0.332962,-0.0375886,0.0421869,0.0422478,0.150346,-0.0135808,-0.625362,0.109109,0.772533,0.0850243,0.0112139,0.145972,0.274925,-0.335072,0.146835,0.889141
1756950782892,398,0,-0,0,0.195589,-0.493509,0.307766,0.789613,-0.0345215,0.0988474,0.0327034,0.439697,0.837314,-0.322527,-0.0396674,0.0399963,0.0393689,0.151729,-0.0081471,-0.629777,0.10258,0.769941,0.0905282,0.0206855,0.138257,0.240944,-0.176157,0.21031,0.930961
1756950782925,399,0,-0,0,0.19389,-0.497264,0.3062,0.788301,-0.0340593,0.0993177,0.032406,0.444609,0.835109,-0.321605,-0.0394287,0.0398601,0.0391132,0.151834,-0.0093806,-0.625288,0.101758,0.773705,0.0955437,0.0351585,0.123043,0.191665,0.0366484,0.283872,0.938801
1756950782958,400,0,-0,0,0.191793,-0.506715,0.302688,0.784126,-0.0334454,0.0993868,0.0322578,0.453054,0.833527,-0.314558,-0.0325095,0.0385027,0.0386854,0.152322,-0.0171377,-0.624321,0.101054,0.774427,0.0952743,0.0434802,0.106604,0.151339,0.228304,0.322856,0.905949
1756950782992,401,0,-0,0,0.187784,-0.517948,0.300097,0.778714,-0.0325058,0.100007,0.0312417,0.465602,0.828677,-0.309613,-0.025028,0.0377319,0.0398402,0.152177,-0.0336761,-0.614627,0.107433,0.780733,0.0808792,0.043806,0.084449,0.0697954,0.478987,0.336744,0.807646
1756950783025,402,0,-0,0,0.180839,-0.52607,0.298227,0.775656,-0.0315454,0.101081,0.0296319,0.476015,0.822327,-0.311003,-0.0227082,0.0374939,0.0415549,0.151641,-0.0517072,-0.60414,0.111467,0.787367,0.0725749,0.0413798,0.0794834,0.00489145,0.570136,0.326913,0.753715
1756950783058,403,0,-0,0,0.18058,-0.530774,0.298227,0.772489,-0.0297369,0.101364,0.0297111,0.486008,0.817211,-0.309294,-0.0176559,0.0394197,0.0432873,0.150223,-0.0695872,-0.586029,0.120006,0.798332,0.069062,0.0409971,0.0766747,-0.0327708,0.617869,0.321897,0.71663
1756950783091,404,0,-0,0,0.178288,-0.533186,0.299838,0.770736,-0.0297368,0.1013,0.0289453,0.489544,0.816314,-0.306455,-0.00881396,0.0408797,0.0448872,0.148903,-0.0849086,-0.568295,0.123445,0.809074,0.0661101,0.0407906,0.0745885,-0.0524124,0.64307,0.317663,0.694853
1756950783124,405,0,-0,0,0.176793,-0.535133,0.300074,0.769638,-0.0291212,0.101334,0.0284274,0.49437,0.813869,-0.305309,-0.00416073,0.0421595,0.0457491,0.147851,-0.0959357,-0.553465,0.124936,0.817846,0.0635632,0.0403761,0.0726191,-0.0769158,0.667699,0.311726,0.671646
1756950783158,406,0,-0,0,0.174457,-0.537061,0.299265,0.769119,-0.0286475,0.101771,0.0281438,0.498298,0.811758,-0.304447,-0.0046895,0.0432705,0.0462233,0.14698,-0.105457,-0.544256,0.124011,0.822962,0.0623228,0.0397826,0.0716647,-0.0821767,0.678146,0.306869,0.66269
1756950783191,407,0,-0,0,0.172592,-0.536558,0.299033,0.770012,-0.0279666,0.101915,0.0278354,0.501842,0.809722,-0.304191,-0.00235761,0.0450579,0.0473185,0.145649,-0.117352,-0.532522,0.126306,0.82868,0.0610424,0.0393771,0.0698648,-0.0945257,0.699478,0.300222,0.641634
1756950783224,408,0,-0,0,0.172151,-0.537333,0.298097,0.769929,-0.0277914,0.102169,0.0277182,0.50312,0.808706,-0.30474,-0.00453261,0.0457897,0.0474277,0.14513,-0.122231,-0.525771,0.126243,0.832285,0.0605049,0.0388017,0.069412,-0.0944648,0.703104,0.297625,0.638877
1756950783257,409,0,-0,0,0.171742,-0.538184,0.296943,0.769856,-0.0273171,0.101812,0.0276594,0.506463,0.808051,-0.300878,0.0030089,0.0465696,0.0474647,0.144585,-0.1243,-0.519261,0.127467,0.835861,0.0594295,0.0382379,0.0686879,-0.10489,0.712076,0.294204,0.628791
1756950783290,410,0,-0,0,0.173158,-0.537479,0.295838,0.770469,-0.0273071,0.101886,0.0281084,0.505874,0.808664,-0.300279,-2.99544e-05,0.0476949,0.0474805,0.14396,-0.124449,-0.512146,0.130605,0.839742,0.0590947,0.0377117,0.0679129,-0.107799,0.719522,0.292166,0.620741
1756950783323,411,0,-0,0,0.176706,-0.538273,0.295372,0.769274,-0.0274069,0.101457,0.0288245,0.507307,0.810248,-0.293449,0.00348522,0.0479998,0.0470771,0.143777,-0.121776,-0.508239,0.134074,0.841952,0.0587204,0.0372802,0.0677879,-0.108895,0.722174,0.293749,0.616689
1756950783357,412,0,-0,0,0.177596,-0.53831,0.294504,0.769374,-0.0268771,0.101402,0.0289526,0.510408,0.809039,-0.29137,0.00477529,0.0485728,0.0470397,0.143415,-0.1225,-0.503654,0.135784,0.844323,0.0586791,0.0371178,0.0678399,-0.112731,0.720825,0.294045,0.617431
1756950783390,413,0,-0,0,0.178181,-0.537077,0.290949,0.771467,-0.0259293,0.101498,0.0295124,0.513271,0.80761,-0.290404,0.00149833,0.050189,0.0467006,0.142739,-0.124761,-0.493398,0.13567,0.850055,0.0590403,0.0364328,0.0673383,-0.111519,0.725363,0.292339,0.613162
1756950783423,414,0,-0,0,0.179711,-0.537057,0.289582,0.771633,-0.0257171,0.101373,0.029829,0.514023,0.807568,-0.289163,0.000569696,0.0508674,0.0464932,0.14236,-0.124242,-0.48714,0.137688,0.853406,0.0590916,0.0361018,0.0672209,-0.109405,0.72553,0.293347,0.612851
1756950783456,415,0,-0,0,0.178976,-0.53455,0.289574,0.773551,-0.0253684,0.101514,0.0295969,0.515535,0.806599,-0.289198,0.00072722,0.052048,0.0472893,0.141484,-0.127633,-0.480571,0.141266,0.856044,0.0595196,0.0363188,0.0667727,-0.110621,0.729246,0.292021,0.608854
1756950783489,416,0,-0,0,0.178769,-0.532342,0.290241,0.774882,-0.0249867,0.101229,0.0293939,0.517703,0.805923,-0.287161,0.00724683,0.0528498,0.0477445,0.140953,-0.134892,-0.476082,0.139734,0.857694,0.0617645,0.0380215,0.0675637,-0.107136,0.713021,0.297887,0.625642
1756950783522,417,0,-0,0,0.178357,-0.528098,0.29121,0.777478,-0.0245903,0.101057,0.0290148,0.519413,0.805055,-0.286187,0.0124049,0.0535885,0.0485032,0.140576,-0.140414,-0.476818,0.139641,0.856397,0.0678217,0.0410599,0.0700317,-0.0693329,0.663618,0.309671,0.677394
1756950783556,418,0,-0,0,0.175029,-0.512638,0.292852,0.787894,-0.0266343,0.101093,0.0276863,0.502603,0.811385,-0.298304,0.00395458,0.0545484,0.0507845,0.140754,-0.137376,-0.491801,0.143674,0.847702,0.0856613,0.0471771,0.0821418,0.0683695,0.453519,0.328287,0.825744
1756950783589,419,0,-0,0,0.173045,-0.489988,0.288724,0.804122,-0.0264216,0.102168,0.0288791,0.484142,0.814112,-0.319831,-0.0234631,0.0588594,0.0511317,0.140081,-0.122968,-0.501963,0.140141,0.844558,0.0961379,0.0282029,0.129836,0.198771,-0.0580511,0.241357,0.948087
1756950783622,420,0,-0,0,0.174072,-0.488593,0.284932,0.806091,-0.0267102,0.102595,0.0314376,0.477874,0.818731,-0.316223,-0.0361383,0.0575738,0.0486367,0.142144,-0.107608,-0.522874,0.128158,0.835819,0.0861987,0.00974532,0.145596,0.258161,-0.291639,0.157711,0.907427
1756950783655,421,0,-0,0,0.170888,-0.484816,0.281045,0.81039,-0.0248328,0.103201,0.0319895,0.483215,0.815391,-0.315997,-0.0415208,0.0578289,0.0473338,0.142829,-0.0972531,-0.532697,0.119358,0.832167,0.0830384,0.00413185,0.14848,0.269181,-0.371176,0.120381,0.880489
1756950783688,422,0,-0,0,0.172713,-0.484434,0.279586,0.810757,-0.0247789,0.103164,0.033104,0.48148,0.817005,-0.313948,-0.0460107,0.0574665,0.0461769,0.143492,-0.0899253,-0.537758,0.115789,0.830255,0.0813399,0.00119026,0.149636,0.275203,-0.408982,0.102409,0.864008
1756950783721,423,0,-0,0,0.170382,-0.480032,0.279504,0.81389,-0.0250123,0.10274,0.0340499,0.48086,0.821388,-0.303925,-0.041558,0.0571021,0.0456773,0.144046,-0.0832484,-0.54014,0.108649,0.83037,0.0808572,0.000245335,0.149979,0.278516,-0.417445,0.0976211,0.859441
1756950783754,424,0,-0,0,0.170271,-0.479878,0.279172,0.814104,-0.0254918,0.102919,0.0346001,0.476516,0.822985,-0.30552,-0.0473544,0.0567873,0.0454185,0.144295,-0.0799773,-0.541848,0.10816,0.82963,0.080558,-0.000328603,0.15012,0.2797,-0.423764,0.0938457,0.856369
1756950783788,425,0,-0,0,0.170695,-0.479317,0.279096,0.814395,-0.0255035,0.10299,0.034711,0.476256,0.823065,-0.305584,-0.0489174,0.0567807,0.0453135,0.144361,-0.0768265,-0.540706,0.109134,0.830565,0.0806892,-0.000307346,0.150078,0.280709,-0.41927,0.0964469,0.857977
1756950783821,426,0,-0,0,0.172319,-0.480188,0.279744,0.813298,-0.0257882,0.102789,0.035009,0.47627,0.824278,-0.302465,-0.047098,0.0561973,0.0445035,0.144848,-0.0723289,-0.544792,0.105672,0.828728,0.0803443,-0.000510155,0.150268,0.283397,-0.415961,0.0997739,0.858311
